Datetime,Temperature,Humidity,WindSpeed,GeneralDiffuseFlows,DiffuseFlows,Appliance,PowerConsumption
2024-09-04 00:00:00,24.5,85.2,1.2,0.0,0.0,Refrigerator,26550.5
2024-09-04 01:00:00,24.1,86.1,1.1,0.0,0.0,EV Charger,41500.3
2024-09-04 02:00:00,23.8,87.0,1.0,0.0,0.0,EV Charger,42100.8
2024-09-04 03:00:00,23.5,87.5,1.0,0.0,0.0,Dishwasher,25300.1
2024-09-04 04:00:00,23.3,88.0,0.9,0.0,0.0,Refrigerator,23400.7
2024-09-04 05:00:00,23.1,88.3,1.0,0.0,0.0,Washing Machine,27800.4
2024-09-04 06:00:00,23.5,87.2,1.2,0.05,0.1,Oven,35100.9
2024-09-04 07:00:00,24.8,85.0,1.5,0.12,0.25,Microwave,38500.2
2024-09-04 08:00:00,26.0,82.1,1.8,0.3,0.55,Refrigerator,37200.6
2024-09-04 09:00:00,27.5,78.5,2.1,0.5,0.8,None,36100.0
2024-09-04 10:00:00,28.8,75.0,2.5,0.7,1.1,None,35800.5
2024-09-04 11:00:00,30.1,71.3,2.8,0.85,1.4,Refrigerator,36950.1
2024-09-04 12:00:00,31.0,68.0,3.0,0.9,1.6,Oven,43500.8
2024-09-04 13:00:00,31.5,66.5,3.1,0.88,1.55,Microwave,42300.4
2024-09-04 14:00:00,31.8,65.8,3.0,0.8,1.45,Refrigerator,41500.9
2024-09-04 15:00:00,31.2,67.0,2.9,0.72,1.2,Washing Machine,44200.2
2024-09-04 16:00:00,30.5,69.1,2.7,0.6,1.0,None,39800.7
2024-09-04 17:00:00,29.8,72.3,2.4,0.45,0.75,Refrigerator,38100.3
2024-09-04 18:00:00,28.7,76.0,2.0,0.2,0.4,Oven,45500.6
2024-09-04 19:00:00,27.6,79.5,1.8,0.1,0.2,Microwave,46100.1
2024-09-04 20:00:00,26.8,82.0,1.6,0.0,0.0,Dishwasher,48300.5
2024-09-04 21:00:00,26.1,83.5,1.5,0.0,0.0,Dishwasher,47900.8
2024-09-04 22:00:00,25.5,84.8,1.4,0.0,0.0,Refrigerator,35200.2
2024-09-04 23:00:00,25.0,85.5,1.3,0.0,0.0,EV Charger,38700.9
2024-09-05 00:00:00,24.6,86.0,1.2,0.0,0.0,Refrigerator,27100.3
2024-09-05 01:00:00,24.2,86.8,1.1,0.0,0.0,EV Charger,40500.1
2024-09-05 02:00:00,23.9,87.5,1.0,0.0,0.0,EV Charger,41200.6
2024-09-05 03:00:00,23.6,88.1,1.0,0.0,0.0,Washing Machine,26100.4
2024-09-05 04:00:00,23.4,88.5,0.9,0.0,0.0,Refrigerator,24000.2
2024-09-05 05:00:00,23.2,88.9,1.0,0.0,0.0,None,23500.8
2024-09-05 06:00:00,23.6,88.0,1.2,0.05,0.1,Water Heater,38200.5
2024-09-05 07:00:00,24.9,86.2,1.5,0.12,0.25,Water Heater,42500.9
2024-09-05 08:00:00,26.2,83.1,1.8,0.3,0.55,Refrigerator,39800.1
2024-09-05 09:00:00,27.8,79.2,2.1,0.5,0.8,None,37500.3
2024-09-05 10:00:00,29.1,75.5,2.5,0.7,1.1,None,36800.7
2024-09-05 11:00:00,30.4,71.8,2.8,0.85,1.4,Refrigerator,37200.4
2024-09-05 12:00:00,31.3,68.5,3.0,0.9,1.6,Air Conditioner,45500.8
2024-09-05 13:00:00,31.9,66.8,3.1,0.88,1.55,Air Conditioner,46300.2
2024-09-05 14:00:00,32.2,65.2,3.0,0.8,1.45,Air Conditioner,47100.5
2024-09-05 15:00:00,31.6,66.7,2.9,0.72,1.2,Refrigerator,42300.9
2024-09-05 16:00:00,30.9,68.8,2.7,0.6,1.0,None,40100.6
2024-09-05 17:00:00,30.1,71.9,2.4,0.45,0.75,Refrigerator,38900.4
2024-09-05 18:00:00,29.0,75.5,2.0,0.2,0.4,TV,39500.7
2024-09-05 19:00:00,27.9,78.8,1.8,0.1,0.2,Oven,47200.1
2024-09-05 20:00:00,27.0,81.5,1.6,0.0,0.0,TV,46500.3
2024-09-05 21:00:00,26.3,83.0,1.5,0.0,0.0,Dishwasher,49000.8
2024-09-05 22:00:00,25.7,84.2,1.4,0.0,0.0,Refrigerator,36100.6
2024-09-05 23:00:00,25.2,85.0,1.3,0.0,0.0,None,29500.9
2024-09-06 00:00:00,24.8,85.8,1.2,0.0,0.0,Refrigerator,27800.1
2024-09-06 01:00:00,24.4,86.5,1.1,0.0,0.0,EV Charger,40100.5
2024-09-06 02:00:00,24.0,87.2,1.0,0.0,0.0,EV Charger,40800.9
2024-09-06 03:00:00,23.7,87.8,1.0,0.0,0.0,Washing Machine,25800.3
2024-09-06 04:00:00,23.5,88.2,0.9,0.0,0.0,Refrigerator,23900.6
2024-09-06 05:00:00,23.3,88.7,1.0,0.0,0.0,None,23200.4
2024-09-06 06:00:00,23.7,87.8,1.2,0.05,0.1,Water Heater,37900.7
2024-09-06 07:00:00,25.0,85.8,1.5,0.12,0.25,Microwave,39200.1
2024-09-06 08:00:00,26.4,82.5,1.8,0.3,0.55,Refrigerator,40100.5
2024-09-06 09:00:00,28.0,78.8,2.1,0.5,0.8,None,38100.9
2024-09-06 10:00:00,29.3,75.2,2.5,0.7,1.1,None,37200.6
2024-09-06 11:00:00,30.6,71.5,2.8,0.85,1.4,Refrigerator,37800.2
2024-09-06 12:00:00,31.5,68.2,3.0,0.9,1.6,Air Conditioner,46200.8
2024-09-06 13:00:00,32.1,66.3,3.1,0.88,1.55,Air Conditioner,47300.4
2024-09-06 14:00:00,32.4,65.0,3.0,0.8,1.45,Air Conditioner,48100.9
2024-09-06 15:00:00,31.8,66.4,2.9,0.72,1.2,Refrigerator,43100.5
2024-09-06 16:00:00,31.0,68.5,2.7,0.6,1.0,None,40800.8
2024-09-06 17:00:00,30.2,71.6,2.4,0.45,0.75,TV,39500.1
2024-09-06 18:00:00,29.1,75.2,2.0,0.2,0.4,Oven,47900.6
2024-09-06 19:00:00,28.0,78.5,1.8,0.1,0.2,TV,47100.2
2024-09-06 20:00:00,27.2,81.2,1.6,0.0,0.0,TV,46800.7
2024-09-06 21:00:00,26.5,82.8,1.5,0.0,0.0,Dishwasher,49500.3
2024-09-06 22:00:00,25.9,84.0,1.4,0.0,0.0,Refrigerator,36800.9
2024-09-06 23:00:00,25.4,84.9,1.3,0.0,0.0,EV Charger,39200.5
2024-09-07 00:00:00,25.0,85.6,1.2,0.0,0.0,Refrigerator,28143.7
2024-09-07 01:00:00,24.6,86.4,1.1,0.0,0.0,EV Charger,40465.8
2024-09-07 02:00:00,24.2,87.1,1.1,0.0,0.0,EV Charger,41151.3
2024-09-07 03:00:00,23.9,87.7,1.0,0.0,0.0,None,25178.6
2024-09-07 04:00:00,23.6,88.1,0.9,0.0,0.0,Refrigerator,24211.5
2024-09-07 05:00:00,23.4,88.6,1.0,0.0,0.0,None,23531.8
2024-09-07 06:00:00,23.8,87.7,1.2,0.05,0.1,Water Heater,38150.2
2024-09-07 07:00:00,25.1,85.7,1.5,0.12,0.25,Microwave,39556.4
2024-09-07 08:00:00,26.5,82.4,1.8,0.3,0.55,Refrigerator,40431.2
2024-09-07 09:00:00,28.1,78.7,2.1,0.5,0.8,Washing Machine,38618.4
2024-09-07 10:00:00,29.4,75.1,2.5,0.7,1.1,None,37534.9
2024-09-07 11:00:00,30.7,71.4,2.8,0.85,1.4,Refrigerator,38123.6
2024-09-07 12:00:00,31.6,68.1,3.0,0.9,1.6,Air Conditioner,46532.1
2024-09-07 13:00:00,32.2,66.2,3.1,0.88,1.55,Air Conditioner,47689.7
2024-09-07 14:00:00,32.5,64.9,3.0,0.8,1.45,Air Conditioner,48421.3
2024-09-07 15:00:00,31.9,66.3,2.9,0.72,1.2,Refrigerator,43486.2
2024-09-07 16:00:00,31.1,68.4,2.7,0.6,1.0,None,41151.5
2024-09-07 17:00:00,30.3,71.5,2.4,0.45,0.75,TV,39864.8
2024-09-07 18:00:00,29.2,75.1,2.0,0.2,0.4,Oven,48243.9
2024-09-07 19:00:00,28.1,78.4,1.8,0.1,0.2,TV,47487.5
2024-09-07 20:00:00,27.3,81.1,1.6,0.0,0.0,Dishwasher,47123.4
2024-09-07 21:00:00,26.6,82.7,1.5,0.0,0.0,Dishwasher,49856.7
2024-09-07 22:00:00,26.0,83.9,1.4,0.0,0.0,Refrigerator,37143.2
2024-09-07 23:00:00,25.5,84.8,1.3,0.0,0.0,EV Charger,39521.8
2024-09-08 00:00:00,25.1,85.5,1.2,0.0,0.0,Refrigerator,28467.9
2024-09-08 01:00:00,24.7,86.3,1.1,0.0,0.0,EV Charger,40843.1
2024-09-08 02:00:00,24.3,87.0,1.1,0.0,0.0,None,26154.8
2024-09-08 03:00:00,24.0,87.6,1.0,0.0,0.0,Washing Machine,25589.2
2024-09-08 04:00:00,23.7,88.0,0.9,0.0,0.0,Refrigerator,24543.7
2024-09-08 05:00:00,23.5,88.5,1.0,0.0,0.0,None,23854.1
2024-09-08 06:00:00,23.9,87.6,1.2,0.05,0.1,Water Heater,38487.3
2024-09-08 07:00:00,25.2,85.6,1.5,0.12,0.25,Microwave,39876.5
2024-09-08 08:00:00,26.6,82.3,1.8,0.3,0.55,Refrigerator,40754.3
2024-09-08 09:00:00,28.2,78.6,2.1,0.5,0.8,None,38943.2
2024-09-08 10:00:00,29.5,75.0,2.5,0.7,1.1,None,37865.4
2024-09-08 11:00:00,30.8,71.3,2.8,0.85,1.4,Refrigerator,38476.5
2024-09-08 12:00:00,31.7,68.0,3.0,0.9,1.6,Air Conditioner,46854.3
2024-09-08 13:00:00,32.3,66.1,3.1,0.88,1.55,Oven,48012.5
2024-09-08 14:00:00,32.6,64.8,3.0,0.8,1.45,Air Conditioner,48743.2
2024-09-08 15:00:00,32.0,66.2,2.9,0.72,1.2,Refrigerator,43812.3
2024-09-08 16:00:00,31.2,68.3,2.7,0.6,1.0,TV,41487.6
2024-09-08 17:00:00,30.4,71.4,2.4,0.45,0.75,Refrigerator,40187.5
2024-09-08 18:00:00,29.3,75.0,2.0,0.2,0.4,TV,48567.4
2024-09-08 19:00:00,28.2,78.3,1.8,0.1,0.2,Oven,47812.3
2024-09-08 20:00:00,27.4,81.0,1.6,0.0,0.0,Dishwasher,47456.2
2024-09-08 21:00:00,26.7,82.6,1.5,0.0,0.0,TV,50187.6
2024-09-08 22:00:00,26.1,83.8,1.4,0.0,0.0,Refrigerator,37476.5
2024-09-08 23:00:00,25.6,84.7,1.3,0.0,0.0,EV Charger,39854.3
2024-09-09 00:00:00,25.2,85.4,1.2,0.0,0.0,Refrigerator,28789.1
2024-09-09 01:00:00,24.8,86.2,1.1,0.0,0.0,EV Charger,41165.2
2024-09-09 02:00:00,24.4,86.9,1.1,0.0,0.0,EV Charger,41854.3
2024-09-09 03:00:00,24.1,87.5,1.0,0.0,0.0,None,25891.2
2024-09-09 04:00:00,23.8,87.9,0.9,0.0,0.0,Refrigerator,24865.4
2024-09-09 05:00:00,23.6,88.4,1.0,0.0,0.0,Washing Machine,24176.5
2024-09-09 06:00:00,24.0,87.5,1.2,0.05,0.1,Water Heater,38812.3
2024-09-09 07:00:00,25.3,85.5,1.5,0.12,0.25,Microwave,40198.7
2024-09-09 08:00:00,26.7,82.2,1.8,0.3,0.55,Refrigerator,41076.5
2024-09-09 09:00:00,28.3,78.5,2.1,0.5,0.8,None,39265.4
2024-09-09 10:00:00,29.6,74.9,2.5,0.7,1.1,None,38187.6
2024-09-09 11:00:00,30.9,71.2,2.8,0.85,1.4,Refrigerator,38798.7
2024-09-09 12:00:00,31.8,67.9,3.0,0.9,1.6,Air Conditioner,47176.5
2024-09-09 13:00:00,32.4,66.0,3.1,0.88,1.55,Air Conditioner,48334.3
2024-09-09 14:00:00,32.7,64.7,3.0,0.8,1.45,None,49065.4
2024-09-09 15:00:00,32.1,66.1,2.9,0.72,1.2,Refrigerator,44134.3
2024-09-09 16:00:00,31.3,68.2,2.7,0.6,1.0,None,41812.3
2024-09-09 17:00:00,30.5,71.3,2.4,0.45,0.75,Refrigerator,40512.3
2024-09-09 18:00:00,29.4,74.9,2.0,0.2,0.4,Oven,48889.6
2024-09-09 19:00:00,28.3,78.2,1.8,0.1,0.2,TV,48134.3
2024-09-09 20:00:00,27.5,80.9,1.6,0.0,0.0,Dishwasher,47778.5
2024-09-09 21:00:00,26.8,82.5,1.5,0.0,0.0,Dishwasher,50512.3
2024-09-09 22:00:00,26.2,83.7,1.4,0.0,0.0,Refrigerator,37798.7
2024-09-09 23:00:00,25.7,84.6,1.3,0.0,0.0,EV Charger,40176.5
2024-09-10 00:00:00,25.3,85.3,1.2,0.0,0.0,Refrigerator,29112.3
2024-09-10 01:00:00,24.9,86.1,1.1,0.0,0.0,None,27134.3
2024-09-10 02:00:00,24.5,86.8,1.1,0.0,0.0,EV Charger,42176.5
2024-09-10 03:00:00,24.2,87.4,1.0,0.0,0.0,Washing Machine,26213.4
2024-09-10 04:00:00,23.9,87.8,0.9,0.0,0.0,Refrigerator,25187.6
2024-09-10 05:00:00,23.7,88.3,1.0,0.0,0.0,None,24498.7
2024-09-10 06:00:00,24.1,87.4,1.2,0.05,0.1,Water Heater,39134.3
2024-09-10 07:00:00,25.4,85.4,1.5,0.12,0.25,Microwave,40521.4
2024-09-10 08:00:00,26.8,82.1,1.8,0.3,0.55,Refrigerator,41398.7
2024-09-10 09:00:00,28.4,78.4,2.1,0.5,0.8,None,39587.6
2024-09-10 10:00:00,29.7,74.8,2.5,0.7,1.1,None,38512.3
2024-09-10 11:00:00,31.0,71.1,2.8,0.85,1.4,Refrigerator,39121.4
2024-09-10 12:00:00,31.9,67.8,3.0,0.9,1.6,Oven,47498.7
2024-09-10 13:00:00,32.5,65.9,3.1,0.88,1.55,Air Conditioner,48656.5
2024-09-10 14:00:00,32.8,64.6,3.0,0.8,1.45,Air Conditioner,49387.6
2024-09-10 15:00:00,32.2,66.0,2.9,0.72,1.2,Refrigerator,44456.5
2024-09-10 16:00:00,31.4,68.1,2.7,0.6,1.0,None,42134.3
2024-09-10 17:00:00,30.6,71.2,2.4,0.45,0.75,Refrigerator,40834.3
2024-09-10 18:00:00,29.5,74.8,2.0,0.2,0.4,TV,49213.4
2024-09-10 19:00:00,28.4,78.1,1.8,0.1,0.2,Oven,48456.5
2024-09-10 20:00:00,27.6,80.8,1.6,0.0,0.0,TV,48098.7
2024-09-10 21:00:00,26.9,82.4,1.5,0.0,0.0,Dishwasher,50834.3
2024-09-10 22:00:00,26.3,83.6,1.4,0.0,0.0,Refrigerator,38121.4
2024-09-10 23:00:00,25.8,84.5,1.3,0.0,0.0,EV Charger,40498.7
2024-09-11 00:00:00,25.4,85.2,1.2,0.0,0.0,Refrigerator,29434.3
2024-09-11 01:00:00,25.0,86.0,1.1,0.0,0.0,EV Charger,41812.3
2024-09-11 02:00:00,24.6,86.7,1.1,0.0,0.0,EV Charger,42498.7
2024-09-11 03:00:00,24.3,87.3,1.0,0.0,0.0,None,26534.3
2024-09-11 04:00:00,24.0,87.7,0.9,0.0,0.0,Refrigerator,25512.3
2024-09-11 05:00:00,23.8,88.2,1.0,0.0,0.0,None,24821.4
2024-09-11 06:00:00,24.2,87.3,1.2,0.05,0.1,Water Heater,39456.5
2024-09-11 07:00:00,25.5,85.3,1.5,0.12,0.25,Microwave,40843.4
2024-09-11 08:00:00,26.9,82.0,1.8,0.3,0.55,Refrigerator,41721.4
2024-09-11 09:00:00,28.5,78.3,2.1,0.5,0.8,Washing Machine,39912.3
2024-09-11 10:00:00,29.8,74.7,2.5,0.7,1.1,None,38834.3
2024-09-11 11:00:00,31.1,71.0,2.8,0.85,1.4,Refrigerator,39443.4
2024-09-11 12:00:00,32.0,67.7,3.0,0.9,1.6,Air Conditioner,47821.4
2024-09-11 13:00:00,32.6,65.8,3.1,0.88,1.55,Air Conditioner,48978.7
2024-09-11 14:00:00,32.9,64.5,3.0,0.8,1.45,Air Conditioner,49712.3
2024-09-11 15:00:00,32.3,65.9,2.9,0.72,1.2,Refrigerator,44778.7
2024-09-11 16:00:00,31.5,68.0,2.7,0.6,1.0,None,42456.5
2024-09-11 17:00:00,30.7,71.1,2.4,0.45,0.75,Refrigerator,41156.5
2024-09-11 18:00:00,29.6,74.7,2.0,0.2,0.4,Oven,49534.3
2024-09-11 19:00:00,28.5,78.0,1.8,0.1,0.2,TV,48778.7
2024-09-11 20:00:00,27.7,80.7,1.6,0.0,0.0,TV,48421.4
2024-09-11 21:00:00,27.0,82.3,1.5,0.0,0.0,Dishwasher,51156.5
2024-09-11 22:00:00,26.4,83.5,1.4,0.0,0.0,Refrigerator,38443.4
2024-09-11 23:00:00,25.9,84.4,1.3,0.0,0.0,None,32123.4
2024-09-12 00:00:00,25.5,85.1,1.2,0.0,0.0,Refrigerator,29756.5
2024-09-12 01:00:00,25.1,85.9,1.1,0.0,0.0,EV Charger,42134.3
2024-09-12 02:00:00,24.7,86.6,1.1,0.0,0.0,EV Charger,42821.4
2024-09-12 03:00:00,24.4,87.2,1.0,0.0,0.0,None,26856.5
2024-09-12 04:00:00,24.1,87.6,0.9,0.0,0.0,Refrigerator,25834.3
2024-09-12 05:00:00,23.9,88.1,1.0,0.0,0.0,Washing Machine,25143.4
2024-09-12 06:00:00,24.3,87.2,1.2,0.05,0.1,Water Heater,39778.7
2024-09-12 07:00:00,25.6,85.2,1.5,0.12,0.25,Microwave,41165.6
2024-09-12 08:00:00,27.0,81.9,1.8,0.3,0.55,Refrigerator,42043.4
2024-09-12 09:00:00,28.6,78.2,2.1,0.5,0.8,None,40234.3
2024-09-12 10:00:00,29.9,74.6,2.5,0.7,1.1,None,39156.5
2024-09-12 11:00:00,31.2,70.9,2.8,0.85,1.4,Refrigerator,39765.6
2024-09-12 12:00:00,32.1,67.6,3.0,0.9,1.6,Air Conditioner,48143.4
2024-09-12 13:00:00,32.7,65.7,3.1,0.88,1.55,Oven,49298.7
2024-09-12 14:00:00,33.0,64.4,3.0,0.8,1.45,Air Conditioner,50034.3
2024-09-12 15:00:00,32.4,65.8,2.9,0.72,1.2,Refrigerator,45098.7
2024-09-12 16:00:00,31.6,67.9,2.7,0.6,1.0,None,42778.7
2024-09-12 17:00:00,30.8,71.0,2.4,0.45,0.75,Refrigerator,41478.7
2024-09-12 18:00:00,29.7,74.6,2.0,0.2,0.4,TV,49856.5
2024-09-12 19:00:00,28.6,77.9,1.8,0.1,0.2,Oven,49098.7
2024-09-12 20:00:00,27.8,80.6,1.6,0.0,0.0,Dishwasher,48743.4
2024-09-12 21:00:00,27.1,82.2,1.5,0.0,0.0,TV,51478.7
2024-09-12 22:00:00,26.5,83.4,1.4,0.0,0.0,Refrigerator,38765.6
2024-09-12 23:00:00,26.0,84.3,1.3,0.0,0.0,EV Charger,40821.4
2024-09-13 00:00:00,25.6,85.0,1.2,0.0,0.0,Refrigerator,30078.7
2024-09-13 01:00:00,25.2,85.8,1.1,0.0,0.0,None,28101.4
2024-09-13 02:00:00,24.8,86.5,1.1,0.0,0.0,EV Charger,43156.5
2024-09-13 03:00:00,24.5,87.1,1.0,0.0,0.0,None,27187.6
2024-09-13 04:00:00,24.2,87.5,0.9,0.0,0.0,Refrigerator,26165.6
2024-09-13 05:00:00,24.0,88.0,1.0,0.0,0.0,None,25478.7
2024-09-13 06:00:00,24.4,87.1,1.2,0.05,0.1,Water Heater,40098.7
2024-09-13 07:00:00,25.7,85.1,1.5,0.12,0.25,Microwave,41487.8
2024-09-13 08:00:00,27.1,81.8,1.8,0.3,0.55,Refrigerator,42365.6
2024-09-13 09:00:00,28.7,78.1,2.1,0.5,0.8,Washing Machine,40556.5
2024-09-13 10:00:00,30.0,74.5,2.5,0.7,1.1,None,39478.7
2024-09-13 11:00:00,31.3,70.8,2.8,0.85,1.4,Refrigerator,40087.8
2024-09-13 12:00:00,32.2,67.5,3.0,0.9,1.6,Oven,48465.6
2024-09-13 13:00:00,32.8,65.6,3.1,0.88,1.55,Air Conditioner,49623.4
2024-09-13 14:00:00,33.1,64.3,3.0,0.8,1.45,Air Conditioner,50356.5
2024-09-13 15:00:00,32.5,65.7,2.9,0.72,1.2,Refrigerator,45423.4
2024-09-13 16:00:00,31.7,67.8,2.7,0.6,1.0,TV,43101.4
2024-09-13 17:00:00,30.9,70.9,2.4,0.45,0.75,Refrigerator,41801.4
2024-09-13 18:00:00,29.8,74.5,2.0,0.2,0.4,TV,50187.6
2024-09-13 19:00:00,28.7,77.8,1.8,0.1,0.2,Oven,49423.4
2024-09-13 20:00:00,27.9,80.5,1.6,0.0,0.0,Dishwasher,49065.6
2024-09-13 21:00:00,27.2,82.1,1.5,0.0,0.0,TV,51798.7
2024-09-13 22:00:00,26.6,83.3,1.4,0.0,0.0,Refrigerator,39087.8
2024-09-13 23:00:00,26.1,84.2,1.3,0.0,0.0,EV Charger,41143.4
2024-09-14 00:00:00,25.7,84.9,1.2,0.0,0.0,Refrigerator,30398.7
2024-09-14 01:00:00,25.3,85.7,1.1,0.0,0.0,EV Charger,42456.5
2024-09-14 02:00:00,24.9,86.4,1.1,0.0,0.0,EV Charger,43143.4
2024-09-14 03:00:00,24.6,87.0,1.0,0.0,0.0,None,27512.3
2024-09-14 04:00:00,24.3,87.4,0.9,0.0,0.0,Refrigerator,26487.8
2024-09-14 05:00:00,24.1,87.9,1.0,0.0,0.0,Washing Machine,25801.4
2024-09-14 06:00:00,24.5,87.0,1.2,0.05,0.1,Water Heater,40423.4
2024-09-14 07:00:00,25.8,85.0,1.5,0.12,0.25,Microwave,41812.5
2024-09-14 08:00:00,27.2,81.7,1.8,0.3,0.55,Refrigerator,42687.8
2024-09-14 09:00:00,28.8,78.0,2.1,0.5,0.8,None,40878.7
2024-09-14 10:00:00,30.1,74.4,2.5,0.7,1.1,None,39798.7
2024-09-14 11:00:00,31.4,70.7,2.8,0.85,1.4,Refrigerator,40412.5
2024-09-14 12:00:00,32.3,67.4,3.0,0.9,1.6,Air Conditioner,48787.8
2024-09-14 13:00:00,32.9,65.5,3.1,0.88,1.55,Air Conditioner,49945.6
2024-09-14 14:00:00,33.2,64.2,3.0,0.8,1.45,Air Conditioner,50678.7
2024-09-14 15:00:00,32.6,65.6,2.9,0.72,1.2,Refrigerator,45745.6
2024-09-14 16:00:00,31.8,67.7,2.7,0.6,1.0,None,43423.4
2024-09-14 17:00:00,31.0,70.8,2.4,0.45,0.75,Refrigerator,42123.4
2024-09-14 18:00:00,29.9,74.4,2.0,0.2,0.4,Oven,50501.4
2024-09-14 19:00:00,28.8,77.7,1.8,0.1,0.2,TV,49745.6
2024-09-14 20:00:00,28.0,80.4,1.6,0.0,0.0,TV,49387.8
2024-09-14 21:00:00,27.3,82.0,1.5,0.0,0.0,Dishwasher,52123.4
2024-09-14 22:00:00,26.7,83.2,1.4,0.0,0.0,Refrigerator,39412.5
2024-09-14 23:00:00,26.2,84.1,1.3,0.0,0.0,EV Charger,41465.6
2024-09-15 00:00:00,25.8,84.8,1.2,0.0,0.0,Refrigerator,30723.4
2024-09-15 01:00:00,25.4,85.6,1.1,0.0,0.0,EV Charger,42787.8
2024-09-15 02:00:00,25.0,86.3,1.1,0.0,0.0,None,28534.3
2024-09-15 03:00:00,24.7,86.9,1.0,0.0,0.0,None,27845.6
2024-09-15 04:00:00,24.4,87.3,0.9,0.0,0.0,Refrigerator,26812.5
2024-09-15 05:00:00,24.2,87.8,1.0,0.0,0.0,None,26123.4
2024-09-15 06:00:00,24.6,86.9,1.2,0.05,0.1,Water Heater,40745.6
2024-09-15 07:00:00,25.9,84.9,1.5,0.12,0.25,Microwave,42134.5
2024-09-15 08:00:00,27.3,81.6,1.8,0.3,0.55,Refrigerator,43012.5
2024-09-15 09:00:00,28.9,77.9,2.1,0.5,0.8,Washing Machine,41201.4
2024-09-15 10:00:00,30.2,74.3,2.5,0.7,1.1,None,40123.4
2024-09-15 11:00:00,31.5,70.6,2.8,0.85,1.4,Refrigerator,40734.5
2024-09-15 12:00:00,32.4,67.3,3.0,0.9,1.6,Oven,49112.5
2024-09-15 13:00:00,33.0,65.4,3.1,0.88,1.55,Air Conditioner,50267.8
2024-09-15 14:00:00,33.3,64.1,3.0,0.8,1.45,Air Conditioner,50998.7
2024-09-15 15:00:00,32.7,65.5,2.9,0.72,1.2,Refrigerator,46067.8
2024-09-15 16:00:00,31.9,67.6,2.7,0.6,1.0,None,43745.6
2024-09-15 17:00:00,31.1,70.7,2.4,0.45,0.75,Refrigerator,42445.6
2024-09-15 18:00:00,30.0,74.3,2.0,0.2,0.4,TV,50834.5
2024-09-15 19:00:00,28.9,77.6,1.8,0.1,0.2,Oven,50067.8
2024-09-15 20:00:00,28.1,80.3,1.6,0.0,0.0,Dishwasher,49712.5
2024-09-15 21:00:00,27.4,81.9,1.5,0.0,0.0,TV,52445.6
2024-09-15 22:00:00,26.8,83.1,1.4,0.0,0.0,Refrigerator,39734.5
2024-09-15 23:00:00,26.3,84.0,1.3,0.0,0.0,EV Charger,41787.8
2024-09-16 00:00:00,25.9,84.7,1.2,0.0,0.0,Refrigerator,31045.6
2024-09-16 01:00:00,25.5,85.5,1.1,0.0,0.0,EV Charger,43112.5
2024-09-16 02:00:00,25.1,86.2,1.1,0.0,0.0,EV Charger,43798.7
2024-09-16 03:00:00,24.8,86.8,1.0,0.0,0.0,Washing Machine,28145.6
2024-09-16 04:00:00,24.5,87.2,0.9,0.0,0.0,Refrigerator,27123.4
2024-09-16 05:00:00,24.3,87.7,1.0,0.0,0.0,None,26434.5
2024-09-16 06:00:00,24.7,86.8,1.2,0.05,0.1,Water Heater,41067.8
2024-09-16 07:00:00,26.0,84.8,1.5,0.12,0.25,Microwave,42456.7
2024-09-16 08:00:00,27.4,81.5,1.8,0.3,0.55,Refrigerator,43334.5
2024-09-16 09:00:00,29.0,77.8,2.1,0.5,0.8,None,41523.4
2024-09-16 10:00:00,30.3,74.2,2.5,0.7,1.1,None,40445.6
2024-09-16 11:00:00,31.6,70.5,2.8,0.85,1.4,Refrigerator,41056.7
2024-09-16 12:00:00,32.5,67.2,3.0,0.9,1.6,Air Conditioner,49434.5
2024-09-16 13:00:00,33.1,65.3,3.1,0.88,1.55,Air Conditioner,50589.8
2024-09-16 14:00:00,33.4,64.0,3.0,0.8,1.45,Oven,51323.4
2024-09-16 15:00:00,32.8,65.4,2.9,0.72,1.2,Refrigerator,46389.8
2024-09-16 16:00:00,32.0,67.5,2.7,0.6,1.0,None,44067.8
2024-09-16 17:00:00,31.2,70.6,2.4,0.45,0.75,Refrigerator,42767.8
2024-09-16 18:00:00,30.1,74.2,2.0,0.2,0.4,Oven,51156.7
2024-09-16 19:00:00,29.0,77.5,1.8,0.1,0.2,TV,50389.8
2024-09-16 20:00:00,28.2,80.2,1.6,0.0,0.0,TV,50034.5
2024-09-16 21:00:00,27.5,81.8,1.5,0.0,0.0,Dishwasher,52767.8
2024-09-16 22:00:00,26.9,83.0,1.4,0.0,0.0,Refrigerator,40056.7
2024-09-16 23:00:00,26.4,83.9,1.3,0.0,0.0,EV Charger,42112.5
2024-09-17 00:00:00,26.0,84.6,1.2,0.0,0.0,Refrigerator,31367.8
2024-09-17 01:00:00,25.6,85.4,1.1,0.0,0.0,EV Charger,43434.5
2024-09-17 02:00:00,25.2,86.1,1.1,0.0,0.0,EV Charger,44123.4
2024-09-17 03:00:00,24.9,86.7,1.0,0.0,0.0,None,28467.8
2024-09-17 04:00:00,24.6,87.1,0.9,0.0,0.0,Refrigerator,27445.6
2024-09-17 05:00:00,24.4,87.6,1.0,0.0,0.0,None,26756.7
2024-09-17 06:00:00,24.8,86.7,1.2,0.05,0.1,Water Heater,41389.8
2024-09-17 07:00:00,26.1,84.7,1.5,0.12,0.25,Microwave,42778.9
2024-09-17 08:00:00,27.5,81.4,1.8,0.3,0.55,Refrigerator,43656.7
2024-09-17 09:00:00,29.1,77.7,2.1,0.5,0.8,Washing Machine,41845.6
2024-09-17 10:00:00,30.4,74.1,2.5,0.7,1.1,None,40767.8
2024-09-17 11:00:00,31.7,70.4,2.8,0.85,1.4,Refrigerator,41378.9
2024-09-17 12:00:00,32.6,67.1,3.0,0.9,1.6,Oven,49756.7
2024-09-17 13:00:00,33.2,65.2,3.1,0.88,1.55,Air Conditioner,50912.5
2024-09-17 14:00:00,33.5,63.9,3.0,0.8,1.45,Air Conditioner,51645.6
2024-09-17 15:00:00,32.9,65.3,2.9,0.72,1.2,Refrigerator,46712.5
2024-09-17 16:00:00,32.1,67.4,2.7,0.6,1.0,None,44389.8
2024-09-17 17:00:00,31.3,70.5,2.4,0.45,0.75,Refrigerator,43089.8
2024-09-17 18:00:00,30.2,74.1,2.0,0.2,0.4,TV,51478.9
2024-09-17 19:00:00,29.1,77.4,1.8,0.1,0.2,TV,50712.5
2024-09-17 20:00:00,28.3,80.1,1.6,0.0,0.0,Dishwasher,50356.7
2024-09-17 21:00:00,27.6,81.7,1.5,0.0,0.0,Dishwasher,53089.8
2024-09-17 22:00:00,27.0,82.9,1.4,0.0,0.0,Refrigerator,40378.9
2024-09-17 23:00:00,26.5,83.8,1.3,0.0,0.0,EV Charger,42434.5
2024-09-18 00:00:00,26.1,84.5,1.2,0.0,0.0,Refrigerator,31689.8
2024-09-18 01:00:00,25.7,85.3,1.1,0.0,0.0,EV Charger,43756.7
2024-09-18 02:00:00,25.3,86.0,1.1,0.0,0.0,None,28789.8
2024-09-18 03:00:00,25.0,86.6,1.0,0.0,0.0,None,28101.2
2024-09-18 04:00:00,24.7,87.0,0.9,0.0,0.0,Refrigerator,27078.9
2024-09-18 05:00:00,24.5,87.5,1.0,0.0,0.0,Washing Machine,26389.8
2024-09-18 06:00:00,24.9,86.6,1.2,0.05,0.1,Water Heater,41712.5
2024-09-18 07:00:00,26.2,84.6,1.5,0.12,0.25,Microwave,43101.4
2024-09-18 08:00:00,27.6,81.3,1.8,0.3,0.55,Refrigerator,43978.9
2024-09-18 09:00:00,29.2,77.6,2.1,0.5,0.8,None,42167.8
2024-09-18 10:00:00,30.5,74.0,2.5,0.7,1.1,None,41089.8
2024-09-18 11:00:00,31.8,70.3,2.8,0.85,1.4,Refrigerator,41701.2
2024-09-18 12:00:00,32.7,67.0,3.0,0.9,1.6,Air Conditioner,50078.9
2024-09-18 13:00:00,33.3,65.1,3.1,0.88,1.55,Oven,51234.5
2024-09-18 14:00:00,33.6,63.8,3.0,0.8,1.45,Air Conditioner,51967.8
2024-09-18 15:00:00,33.0,65.2,2.9,0.72,1.2,Refrigerator,47034.5
2024-09-18 16:00:00,32.2,67.3,2.7,0.6,1.0,TV,44712.5
2024-09-18 17:00:00,31.4,70.4,2.4,0.45,0.75,Refrigerator,43412.5
2024-09-18 18:00:00,30.3,74.0,2.0,0.2,0.4,TV,51801.2
2024-09-18 19:00:00,29.2,77.3,1.8,0.1,0.2,Oven,51034.5
2024-09-18 20:00:00,28.4,80.0,1.6,0.0,0.0,Dishwasher,50678.9
2024-09-18 21:00:00,27.7,81.6,1.5,0.0,0.0,TV,53412.5
2024-09-18 22:00:00,27.1,82.8,1.4,0.0,0.0,Refrigerator,40701.2
2024-09-18 23:00:00,26.6,83.7,1.3,0.0,0.0,EV Charger,42756.7
2024-09-19 00:00:00,26.2,84.4,1.2,0.0,0.0,Refrigerator,31998.7
2024-09-19 01:00:00,25.8,85.2,1.1,0.0,0.0,EV Charger,44067.8
2024-09-19 02:00:00,25.4,85.9,1.1,0.0,0.0,EV Charger,44756.7
2024-09-19 03:00:00,25.1,86.5,1.0,0.0,0.0,None,29123.4
2024-09-19 04:00:00,24.8,86.9,0.9,0.0,0.0,Refrigerator,28101.2
2024-09-19 05:00:00,24.6,87.4,1.0,0.0,0.0,None,27412.5
2024-09-19 06:00:00,25.0,86.5,1.2,0.05,0.1,Water Heater,42034.5
2024-09-19 07:00:00,26.3,84.5,1.5,0.12,0.25,Microwave,43423.6
2024-09-19 08:00:00,27.7,81.2,1.8,0.3,0.55,Refrigerator,44298.7
2024-09-19 09:00:00,29.3,77.5,2.1,0.5,0.8,Washing Machine,42487.8
2024-09-19 10:00:00,30.6,73.9,2.5,0.7,1.1,None,41412.5
2024-09-19 11:00:00,31.9,70.2,2.8,0.85,1.4,Refrigerator,42023.6
2024-09-19 12:00:00,32.8,66.9,3.0,0.9,1.6,Oven,50398.7
2024-09-19 13:00:00,33.4,65.0,3.1,0.88,1.55,Air Conditioner,51556.7
2024-09-19 14:00:00,33.7,63.7,3.0,0.8,1.45,Air Conditioner,52287.8
2024-09-19 15:00:00,33.1,65.1,2.9,0.72,1.2,Refrigerator,47356.7
2024-09-19 16:00:00,32.3,67.2,2.7,0.6,1.0,None,45034.5
2024-09-19 17:00:00,31.5,70.3,2.4,0.45,0.75,Refrigerator,43734.5
2024-09-19 18:00:00,30.4,73.9,2.0,0.2,0.4,Oven,52123.6
2024-09-19 19:00:00,29.3,77.2,1.8,0.1,0.2,TV,51356.7
2024-09-19 20:00:00,28.5,79.9,1.6,0.0,0.0,TV,50998.7
2024-09-19 21:00:00,27.8,81.5,1.5,0.0,0.0,Dishwasher,53734.5
2024-09-19 22:00:00,27.2,82.7,1.4,0.0,0.0,Refrigerator,41023.6
2024-09-19 23:00:00,26.7,83.6,1.3,0.0,0.0,EV Charger,43078.9
2024-09-20 00:00:00,26.3,84.3,1.2,0.0,0.0,Refrigerator,32321.6
2024-09-20 01:00:00,25.9,85.1,1.1,0.0,0.0,EV Charger,44389.8
2024-09-20 02:00:00,25.5,85.8,1.1,0.0,0.0,None,29445.6
2024-09-20 03:00:00,25.2,86.4,1.0,0.0,0.0,Washing Machine,28756.7
2024-09-20 04:00:00,24.9,86.8,0.9,0.0,0.0,Refrigerator,27734.5
2024-09-20 05:00:00,24.7,87.3,1.0,0.0,0.0,None,27045.6
2024-09-20 06:00:00,25.1,86.4,1.2,0.05,0.1,Water Heater,42356.7
2024-09-20 07:00:00,26.4,84.4,1.5,0.12,0.25,Microwave,43745.8
2024-09-20 08:00:00,27.8,81.1,1.8,0.3,0.55,Refrigerator,44623.6
2024-09-20 09:00:00,29.4,77.4,2.1,0.5,0.8,None,42812.5
2024-09-20 10:00:00,30.7,73.8,2.5,0.7,1.1,None,41734.5
2024-09-20 11:00:00,32.0,70.1,2.8,0.85,1.4,Refrigerator,42345.8
2024-09-20 12:00:00,32.9,66.8,3.0,0.9,1.6,Air Conditioner,50723.6
2024-09-20 13:00:00,33.5,64.9,3.1,0.88,1.55,Oven,51878.9
2024-09-20 14:00:00,33.8,63.6,3.0,0.8,1.45,Air Conditioner,52612.5
2024-09-20 15:00:00,33.2,65.0,2.9,0.72,1.2,Refrigerator,47678.9
2024-09-20 16:00:00,32.4,67.1,2.7,0.6,1.0,None,45356.7
2024-09-20 17:00:00,31.6,70.2,2.4,0.45,0.75,Refrigerator,44056.7
2024-09-20 18:00:00,30.5,73.8,2.0,0.2,0.4,TV,52445.8
2024-09-20 19:00:00,29.4,77.1,1.8,0.1,0.2,TV,51678.9
2024-09-20 20:00:00,28.6,79.8,1.6,0.0,0.0,Dishwasher,51323.6
2024-09-20 21:00:00,27.9,81.4,1.5,0.0,0.0,Dishwasher,54056.7
2024-09-20 22:00:00,27.3,82.6,1.4,0.0,0.0,Refrigerator,41345.8
2024-09-20 23:00:00,26.8,83.5,1.3,0.0,0.0,EV Charger,43398.7
2024-09-21 00:00:00,26.4,84.2,1.2,0.0,0.0,Refrigerator,32643.8
2024-09-21 01:00:00,26.0,85.0,1.1,0.0,0.0,EV Charger,44712.5
2024-09-21 02:00:00,25.6,85.7,1.1,0.0,0.0,EV Charger,45401.2
2024-09-21 03:00:00,25.3,86.3,1.0,0.0,0.0,None,29767.8
2024-09-21 04:00:00,25.0,86.7,0.9,0.0,0.0,Refrigerator,28745.8
2024-09-21 05:00:00,24.8,87.2,1.0,0.0,0.0,None,28056.7
2024-09-21 06:00:00,25.2,86.3,1.2,0.05,0.1,Water Heater,42678.9
2024-09-21 07:00:00,26.5,84.3,1.5,0.12,0.25,Microwave,44067.9
2024-09-21 08:00:00,27.9,81.0,1.8,0.3,0.55,Refrigerator,44945.8
2024-09-21 09:00:00,29.5,77.3,2.1,0.5,0.8,Washing Machine,43134.5
2024-09-21 10:00:00,30.8,73.7,2.5,0.7,1.1,None,42056.7
2024-09-21 11:00:00,32.1,70.0,2.8,0.85,1.4,Refrigerator,42667.9
2024-09-21 12:00:00,33.0,66.7,3.0,0.9,1.6,Oven,51045.8
2024-09-21 13:00:00,33.6,64.8,3.1,0.88,1.55,Air Conditioner,52198.7
2024-09-21 14:00:00,33.9,63.5,3.0,0.8,1.45,Air Conditioner,52934.5
2024-09-21 15:00:00,33.3,64.9,2.9,0.72,1.2,Refrigerator,48001.2
2024-09-21 16:00:00,32.5,67.0,2.7,0.6,1.0,None,45678.9
2024-09-21 17:00:00,31.7,70.1,2.4,0.45,0.75,Refrigerator,44378.9
2024-09-21 18:00:00,30.6,73.7,2.0,0.2,0.4,Oven,52767.9
2024-09-21 19:00:00,29.5,77.0,1.8,0.1,0.2,TV,52001.2
2024-09-21 20:00:00,28.7,79.7,1.6,0.0,0.0,TV,51645.8
2024-09-21 21:00:00,28.0,81.3,1.5,0.0,0.0,Dishwasher,54378.9
2024-09-21 22:00:00,27.4,82.5,1.4,0.0,0.0,Refrigerator,41667.9
2024-09-21 23:00:00,26.9,83.4,1.3,0.0,0.0,EV Charger,43723.6
2024-09-22 00:00:00,26.5,84.1,1.2,0.0,0.0,Refrigerator,32965.8
2024-09-22 01:00:00,26.1,84.9,1.1,0.0,0.0,EV Charger,45034.5
2024-09-22 02:00:00,25.7,85.6,1.1,0.0,0.0,EV Charger,45723.6
2024-09-22 03:00:00,25.4,86.2,1.0,0.0,0.0,None,30089.8
2024-09-22 04:00:00,25.1,86.6,0.9,0.0,0.0,Refrigerator,29067.9
2024-09-22 05:00:00,24.9,87.1,1.0,0.0,0.0,Washing Machine,28378.9
2024-09-22 06:00:00,25.3,86.2,1.2,0.05,0.1,Water Heater,42998.7
2024-09-22 07:00:00,26.6,84.2,1.5,0.12,0.25,Microwave,44389.9
2024-09-22 08:00:00,28.0,80.9,1.8,0.3,0.55,Refrigerator,45267.9
2024-09-22 09:00:00,29.6,77.2,2.1,0.5,0.8,None,43456.7
2024-09-22 10:00:00,30.9,73.6,2.5,0.7,1.1,None,42378.9
2024-09-22 11:00:00,32.2,69.9,2.8,0.85,1.4,Refrigerator,42989.9
2024-09-22 12:00:00,33.1,66.6,3.0,0.9,1.6,Air Conditioner,51367.9
2024-09-22 13:00:00,33.7,64.7,3.1,0.88,1.55,Air Conditioner,52523.6
2024-09-22 14:00:00,34.0,63.4,3.0,0.8,1.45,Oven,53256.7
2024-09-22 15:00:00,33.4,64.8,2.9,0.72,1.2,Refrigerator,48323.6
2024-09-22 16:00:00,32.6,66.9,2.7,0.6,1.0,TV,46001.2
2024-09-22 17:00:00,31.8,70.0,2.4,0.45,0.75,Refrigerator,44701.2
2024-09-22 18:00:00,30.7,73.6,2.0,0.2,0.4,TV,53089.9
2024-09-22 19:00:00,29.6,76.9,1.8,0.1,0.2,Oven,52323.6
2024-09-22 20:00:00,28.8,79.6,1.6,0.0,0.0,Dishwasher,51967.9
2024-09-22 21:00:00,28.1,81.2,1.5,0.0,0.0,TV,54698.7
2024-09-22 22:00:00,27.5,82.4,1.4,0.0,0.0,Refrigerator,41989.9
2024-09-22 23:00:00,27.0,83.3,1.3,0.0,0.0,EV Charger,44045.8
2024-09-23 00:00:00,26.6,84.0,1.2,0.0,0.0,Refrigerator,33287.9
2024-09-23 01:00:00,26.2,84.8,1.1,0.0,0.0,EV Charger,45356.7
2024-09-23 02:00:00,25.8,85.5,1.1,0.0,0.0,EV Charger,46045.8
2024-09-23 03:00:00,25.5,86.1,1.0,0.0,0.0,None,30412.5
2024-09-23 04:00:00,25.2,86.5,0.9,0.0,0.0,Refrigerator,29389.9
2024-09-23 05:00:00,25.0,87.0,1.0,0.0,0.0,None,28698.7
2024-09-23 06:00:00,25.4,86.1,1.2,0.05,0.1,Water Heater,43323.6
2024-09-23 07:00:00,26.7,84.1,1.5,0.12,0.25,Microwave,44712.6
2024-09-23 08:00:00,28.1,80.8,1.8,0.3,0.55,Refrigerator,45589.9
2024-09-23 09:00:00,29.7,77.1,2.1,0.5,0.8,Washing Machine,43778.9
2024-09-23 10:00:00,31.0,73.5,2.5,0.7,1.1,None,42698.7
2024-09-23 11:00:00,32.3,69.8,2.8,0.85,1.4,Refrigerator,43312.6
2024-09-23 12:00:00,33.2,66.5,3.0,0.9,1.6,Air Conditioner,51689.9
2024-09-23 13:00:00,33.8,64.6,3.1,0.88,1.55,Air Conditioner,52845.8
2024-09-23 14:00:00,34.1,63.3,3.0,0.8,1.45,Air Conditioner,53578.9
2024-09-23 15:00:00,33.5,64.7,2.9,0.72,1.2,Refrigerator,48645.8
2024-09-23 16:00:00,32.7,66.8,2.7,0.6,1.0,None,46323.6
2024-09-23 17:00:00,31.9,69.9,2.4,0.45,0.75,Refrigerator,45023.6
2024-09-23 18:00:00,30.8,73.5,2.0,0.2,0.4,Oven,53412.6
2024-09-23 19:00:00,29.7,76.8,1.8,0.1,0.2,TV,52645.8
2024-09-23 20:00:00,28.9,79.5,1.6,0.0,0.0,Dishwasher,52289.9
2024-09-23 21:00:00,28.2,81.1,1.5,0.0,0.0,TV,55023.6
2024-09-23 22:00:00,27.6,82.3,1.4,0.0,0.0,Refrigerator,42312.6
2024-09-23 23:00:00,27.1,83.2,1.3,0.0,0.0,EV Charger,44367.9
2024-09-24 00:00:00,26.7,83.9,1.2,0.0,0.0,Refrigerator,33601.2
2024-09-24 01:00:00,26.3,84.7,1.1,0.0,0.0,EV Charger,45678.9
2024-09-24 02:00:00,25.9,85.4,1.1,0.0,0.0,EV Charger,46367.9
2024-09-24 03:00:00,25.6,86.0,1.0,0.0,0.0,None,30734.5
2024-09-24 04:00:00,25.3,86.4,0.9,0.0,0.0,Refrigerator,29712.6
2024-09-24 05:00:00,25.1,86.9,1.0,0.0,0.0,None,29023.6
2024-09-24 06:00:00,25.5,86.0,1.2,0.05,0.1,Water Heater,43645.8
2024-09-24 07:00:00,26.8,84.0,1.5,0.12,0.25,Microwave,45034.7
2024-09-24 08:00:00,28.2,80.7,1.8,0.3,0.55,Refrigerator,45912.6
2024-09-24 09:00:00,29.8,77.0,2.1,0.5,0.8,Washing Machine,44101.2
2024-09-24 10:00:00,31.1,73.4,2.5,0.7,1.1,None,43023.6
2024-09-24 11:00:00,32.4,69.7,2.8,0.85,1.4,Refrigerator,43634.7
2024-09-24 12:00:00,33.3,66.4,3.0,0.9,1.6,Oven,51998.7
2024-09-24 13:00:00,33.9,64.5,3.1,0.88,1.55,Air Conditioner,53156.7
2024-09-24 14:00:00,34.2,63.2,3.0,0.8,1.45,Air Conditioner,53887.8
2024-09-24 15:00:00,33.6,64.6,2.9,0.72,1.2,Refrigerator,48956.7
2024-09-24 16:00:00,32.8,66.7,2.7,0.6,1.0,TV,46634.5
2024-09-24 17:00:00,32.0,69.8,2.4,0.45,0.75,Refrigerator,45334.5
2024-09-24 18:00:00,30.9,73.4,2.0,0.2,0.4,TV,53723.6
2024-09-24 19:00:00,29.8,76.7,1.8,0.1,0.2,Oven,52956.7
2024-09-24 20:00:00,29.0,79.4,1.6,0.0,0.0,Dishwasher,52601.2
2024-09-24 21:00:00,28.3,81.0,1.5,0.0,0.0,TV,55334.5
2024-09-24 22:00:00,27.7,82.2,1.4,0.0,0.0,Refrigerator,42634.7
2024-09-24 23:00:00,27.2,83.1,1.3,0.0,0.0,EV Charger,44689.9
2024-09-25 00:00:00,26.8,83.8,1.2,0.0,0.0,Refrigerator,33912.6
2024-09-25 01:00:00,26.4,84.6,1.1,0.0,0.0,EV Charger,45989.9
2024-09-25 02:00:00,26.0,85.3,1.1,0.0,0.0,EV Charger,46678.9
2024-09-25 03:00:00,25.7,85.9,1.0,0.0,0.0,None,31045.8
2024-09-25 04:00:00,25.4,86.3,0.9,0.0,0.0,Refrigerator,30023.6
2024-09-25 05:00:00,25.2,86.8,1.0,0.0,0.0,None,29334.5
2024-09-25 06:00:00,25.6,85.9,1.2,0.05,0.1,Water Heater,43956.7
2024-09-25 07:00:00,26.9,83.9,1.5,0.12,0.25,Microwave,45345.8
2024-09-25 08:00:00,28.3,80.6,1.8,0.3,0.55,Refrigerator,46223.6
2024-09-25 09:00:00,29.9,76.9,2.1,0.5,0.8,Washing Machine,44412.6
2024-09-25 10:00:00,31.2,73.3,2.5,0.7,1.1,None,43334.5
2024-09-25 11:00:00,32.5,69.6,2.8,0.85,1.4,Refrigerator,43945.8
2024-09-25 12:00:00,33.4,66.3,3.0,0.9,1.6,Oven,52321.6
2024-09-25 13:00:00,34.0,64.4,3.1,0.88,1.55,Air Conditioner,53478.9
2024-09-25 14:00:00,34.3,63.1,3.0,0.8,1.45,Air Conditioner,54212.6
2024-09-25 15:00:00,33.7,64.5,2.9,0.72,1.2,Refrigerator,49278.9
2024-09-25 16:00:00,32.9,66.6,2.7,0.6,1.0,None,46956.7
2024-09-25 17:00:00,32.1,69.7,2.4,0.45,0.75,Refrigerator,45656.7
2024-09-25 18:00:00,31.0,73.3,2.0,0.2,0.4,Oven,54034.5
2024-09-25 19:00:00,29.9,76.6,1.8,0.1,0.2,TV,53267.9
2024-09-25 20:00:00,29.1,79.3,1.6,0.0,0.0,TV,52912.6
2024-09-25 21:00:00,28.4,80.9,1.5,0.0,0.0,Dishwasher,55645.8
2024-09-25 22:00:00,27.8,82.1,1.4,0.0,0.0,Refrigerator,42945.8
2024-09-25 23:00:00,27.3,83.0,1.3,0.0,0.0,EV Charger,45012.6
2024-09-26 00:00:00,26.9,83.7,1.2,0.0,0.0,Refrigerator,34223.6
2024-09-26 01:00:00,26.5,84.5,1.1,0.0,0.0,EV Charger,46298.7
2024-09-26 02:00:00,26.1,85.2,1.1,0.0,0.0,EV Charger,46987.8
2024-09-26 03:00:00,25.8,85.8,1.0,0.0,0.0,None,31356.7
2024-09-26 04:00:00,25.5,86.2,0.9,0.0,0.0,Refrigerator,30334.5
2024-09-26 05:00:00,25.3,86.7,1.0,0.0,0.0,None,29645.8
2024-09-26 06:00:00,25.7,85.8,1.2,0.05,0.1,Water Heater,44267.9
2024-09-26 07:00:00,27.0,83.8,1.5,0.12,0.25,Microwave,45656.9
2024-09-26 08:00:00,28.4,80.5,1.8,0.3,0.55,Refrigerator,46534.5
2024-09-26 09:00:00,30.0,76.8,2.1,0.5,0.8,Washing Machine,44723.6
2024-09-26 10:00:00,31.3,73.2,2.5,0.7,1.1,None,43645.8
2024-09-26 11:00:00,32.6,69.5,2.8,0.85,1.4,Refrigerator,44256.9
2024-09-26 12:00:00,33.5,66.2,3.0,0.9,1.6,Air Conditioner,52634.5
2024-09-26 13:00:00,34.1,64.3,3.1,0.88,1.55,Oven,53789.9
2024-09-26 14:00:00,34.4,63.0,3.0,0.8,1.45,Air Conditioner,54523.6
2024-09-26 15:00:00,33.8,64.4,2.9,0.72,1.2,Refrigerator,49589.9
2024-09-26 16:00:00,33.0,66.5,2.7,0.6,1.0,None,47267.9
2024-09-26 17:00:00,32.2,69.6,2.4,0.45,0.75,Refrigerator,45967.9
2024-09-26 18:00:00,31.1,73.2,2.0,0.2,0.4,TV,54345.8
2024-09-26 19:00:00,30.0,76.5,1.8,0.1,0.2,Oven,53578.9
2024-09-26 20:00:00,29.2,79.2,1.6,0.0,0.0,TV,53223.6
2024-09-26 21:00:00,28.5,80.8,1.5,0.0,0.0,Dishwasher,55956.7
2024-09-26 22:00:00,27.9,82.0,1.4,0.0,0.0,Refrigerator,43256.9
2024-09-26 23:00:00,27.4,82.9,1.3,0.0,0.0,EV Charger,45321.6
2024-09-27 00:00:00,27.0,83.6,1.2,0.0,0.0,Refrigerator,34534.5
2024-09-27 01:00:00,26.6,84.4,1.1,0.0,0.0,EV Charger,46612.6
2024-09-27 02:00:00,26.2,85.1,1.1,0.0,0.0,EV Charger,47301.2
2024-09-27 03:00:00,25.9,85.7,1.0,0.0,0.0,None,31667.9
2024-09-27 04:00:00,25.6,86.1,0.9,0.0,0.0,Refrigerator,30645.8
2024-09-27 05:00:00,25.4,86.6,1.0,0.0,0.0,None,29956.7
2024-09-27 06:00:00,25.8,85.7,1.2,0.05,0.1,Water Heater,44578.9
2024-09-27 07:00:00,27.1,83.7,1.5,0.12,0.25,Microwave,45967.9
2024-09-27 08:00:00,28.5,80.4,1.8,0.3,0.55,Refrigerator,46845.8
2024-09-27 09:00:00,30.1,76.7,2.1,0.5,0.8,Washing Machine,45034.5
2024-09-27 10:00:00,31.4,73.1,2.5,0.7,1.1,None,43956.7
2024-09-27 11:00:00,32.7,69.4,2.8,0.85,1.4,Refrigerator,44567.9
2024-09-27 12:00:00,33.6,66.1,3.0,0.9,1.6,Air Conditioner,52945.8
2024-09-27 13:00:00,34.2,64.2,3.1,0.88,1.55,Air Conditioner,54101.2
2024-09-27 14:00:00,34.5,62.9,3.0,0.8,1.45,Oven,54834.5
2024-09-27 15:00:00,33.9,64.3,2.9,0.72,1.2,Refrigerator,49898.7
2024-09-27 16:00:00,33.1,66.4,2.7,0.6,1.0,TV,47578.9
2024-09-27 17:00:00,32.3,69.5,2.4,0.45,0.75,Refrigerator,46278.9
2024-09-27 18:00:00,31.2,73.1,2.0,0.2,0.4,TV,54656.7
2024-09-27 19:00:00,30.1,76.4,1.8,0.1,0.2,Oven,53889.9
2024-09-27 20:00:00,29.3,79.1,1.6,0.0,0.0,Dishwasher,53534.5
2024-09-27 21:00:00,28.6,80.7,1.5,0.0,0.0,TV,56267.9
2024-09-27 22:00:00,28.0,81.9,1.4,0.0,0.0,Refrigerator,43567.9
2024-09-27 23:00:00,27.5,82.8,1.3,0.0,0.0,EV Charger,45634.5
2024-09-28 00:00:00,27.1,83.5,1.2,0.0,0.0,Refrigerator,34845.8
2024-09-28 01:00:00,26.7,84.3,1.1,0.0,0.0,EV Charger,46923.6
2024-09-28 02:00:00,26.3,85.0,1.1,0.0,0.0,EV Charger,47612.6
2024-09-28 03:00:00,26.0,85.6,1.0,0.0,0.0,None,31978.9
2024-09-28 04:00:00,25.7,86.0,0.9,0.0,0.0,Refrigerator,30956.7
2024-09-28 05:00:00,25.5,86.5,1.0,0.0,0.0,None,30267.9
2024-09-28 06:00:00,25.9,85.6,1.2,0.05,0.1,Water Heater,44889.9
2024-09-28 07:00:00,27.2,83.6,1.5,0.12,0.25,Microwave,46278.9
2024-09-28 08:00:00,28.6,80.3,1.8,0.3,0.55,Refrigerator,47156.7
2024-09-28 09:00:00,30.2,76.6,2.1,0.5,0.8,Washing Machine,45345.8
2024-09-28 10:00:00,31.5,73.0,2.5,0.7,1.1,None,44267.9
2024-09-28 11:00:00,32.8,69.3,2.8,0.85,1.4,Refrigerator,44878.9
2024-09-28 12:00:00,33.7,66.0,3.0,0.9,1.6,Air Conditioner,53256.7
2024-09-28 13:00:00,34.3,64.1,3.1,0.88,1.55,Air Conditioner,54412.6
2024-09-28 14:00:00,34.6,62.8,3.0,0.8,1.45,Air Conditioner,55145.8
2024-09-28 15:00:00,34.0,64.2,2.9,0.72,1.2,Refrigerator,50212.6
2024-09-28 16:00:00,33.2,66.3,2.7,0.6,1.0,None,47889.9
2024-09-28 17:00:00,32.4,69.4,2.4,0.45,0.75,Refrigerator,46589.9
2024-09-28 18:00:00,31.3,73.0,2.0,0.2,0.4,Oven,54967.9
2024-09-28 19:00:00,30.2,76.3,1.8,0.1,0.2,TV,54198.7
2024-09-28 20:00:00,29.4,79.0,1.6,0.0,0.0,Dishwasher,53845.8
2024-09-28 21:00:00,28.7,80.6,1.5,0.0,0.0,TV,56578.9
2024-09-28 22:00:00,28.1,81.8,1.4,0.0,0.0,Refrigerator,43878.9
2024-09-28 23:00:00,27.6,82.7,1.3,0.0,0.0,EV Charger,45945.8
2024-09-29 00:00:00,27.2,83.4,1.2,0.0,0.0,Refrigerator,35156.7
2024-09-29 01:00:00,26.8,84.2,1.1,0.0,0.0,EV Charger,47234.5
2024-09-29 02:00:00,26.4,84.9,1.1,0.0,0.0,EV Charger,47923.6
2024-09-29 03:00:00,26.1,85.5,1.0,0.0,0.0,None,32289.9
2024-09-29 04:00:00,25.8,85.9,0.9,0.0,0.0,Refrigerator,31267.9
2024-09-29 05:00:00,25.6,86.4,1.0,0.0,0.0,Washing Machine,30578.9
2024-09-29 06:00:00,26.0,85.5,1.2,0.05,0.1,Water Heater,45212.6
2024-09-29 07:00:00,27.3,83.5,1.5,0.12,0.25,Microwave,46598.7
2024-09-29 08:00:00,28.7,80.2,1.8,0.3,0.55,Refrigerator,47478.9
2024-09-29 09:00:00,30.3,76.5,2.1,0.5,0.8,None,45667.9
2024-09-29 10:00:00,31.6,72.9,2.5,0.7,1.1,None,44589.9
2024-09-29 11:00:00,32.9,69.2,2.8,0.85,1.4,Refrigerator,45198.7
2024-09-29 12:00:00,33.8,65.9,3.0,0.9,1.6,Air Conditioner,53578.9
2024-09-29 13:00:00,34.4,64.0,3.1,0.88,1.55,Oven,54734.5
2024-09-29 14:00:00,34.7,62.7,3.0,0.8,1.45,Air Conditioner,55467.9
2024-09-29 15:00:00,34.1,64.1,2.9,0.72,1.2,Refrigerator,50534.5
2024-09-29 16:00:00,33.3,66.2,2.7,0.6,1.0,None,48212.6
2024-09-29 17:00:00,32.5,69.3,2.4,0.45,0.75,Refrigerator,46912.6
2024-09-29 18:00:00,31.4,72.9,2.0,0.2,0.4,TV,55289.9
2024-09-29 19:00:00,30.3,76.2,1.8,0.1,0.2,Oven,54523.6
2024-09-29 20:00:00,29.5,78.9,1.6,0.0,0.0,TV,54167.9
2024-09-29 21:00:00,28.8,80.5,1.5,0.0,0.0,Dishwasher,56898.7
2024-09-29 22:00:00,28.2,81.7,1.4,0.0,0.0,Refrigerator,44198.7
2024-09-29 23:00:00,27.7,82.6,1.3,0.0,0.0,EV Charger,46256.7
2024-09-30 00:00:00,27.3,83.3,1.2,0.0,0.0,Refrigerator,35467.9
2024-09-30 01:00:00,26.9,84.1,1.1,0.0,0.0,EV Charger,47545.8
2024-09-30 02:00:00,26.5,84.8,1.1,0.0,0.0,EV Charger,48234.5
2024-09-30 03:00:00,26.2,85.4,1.0,0.0,0.0,None,32601.2
2024-09-30 04:00:00,25.9,85.8,0.9,0.0,0.0,Refrigerator,31578.9
2024-09-30 05:00:00,25.7,86.3,1.0,0.0,0.0,None,30889.9
2024-09-30 06:00:00,26.1,85.4,1.2,0.05,0.1,Water Heater,45534.5
2024-09-30 07:00:00,27.4,83.4,1.5,0.12,0.25,Microwave,46923.7
2024-09-30 08:00:00,28.8,80.1,1.8,0.3,0.55,Refrigerator,47798.7
2024-09-30 09:00:00,30.4,76.4,2.1,0.5,0.8,Washing Machine,45987.8
2024-09-30 10:00:00,31.7,72.8,2.5,0.7,1.1,None,44912.6
2024-09-30 11:00:00,33.0,69.1,2.8,0.85,1.4,Refrigerator,45523.7
2024-09-30 12:00:00,33.9,65.8,3.0,0.9,1.6,Air Conditioner,53898.7
2024-09-30 13:00:00,34.5,63.9,3.1,0.88,1.55,Air Conditioner,55056.7
2024-09-30 14:00:00,34.8,62.6,3.0,0.8,1.45,Oven,55787.8
2024-09-30 15:00:00,34.2,64.0,2.9,0.72,1.2,Refrigerator,50856.7
2024-09-30 16:00:00,33.4,66.1,2.7,0.6,1.0,None,48534.5
2024-09-30 17:00:00,32.6,69.2,2.4,0.45,0.75,Refrigerator,47234.5
2024-09-30 18:00:00,31.5,72.8,2.0,0.2,0.4,TV,55612.6
2024-09-30 19:00:00,30.4,76.1,1.8,0.1,0.2,Oven,54845.8
2024-09-30 20:00:00,29.6,78.8,1.6,0.0,0.0,TV,54489.9
2024-09-30 21:00:00,28.9,80.4,1.5,0.0,0.0,Dishwasher,57223.6
2024-09-30 22:00:00,28.3,81.6,1.4,0.0,0.0,Refrigerator,44523.7
2024-09-30 23:00:00,27.8,82.5,1.3,0.0,0.0,EV Charger,46578.9
2024-10-01 00:00:00,27.4,83.2,1.2,0.0,0.0,Refrigerator,35778.9
2024-10-01 01:00:00,27.0,84.0,1.1,0.0,0.0,EV Charger,47856.7
2024-10-01 02:00:00,26.6,84.7,1.1,0.0,0.0,EV Charger,48545.8
2024-10-01 03:00:00,26.3,85.3,1.0,0.0,0.0,None,32912.6
2024-10-01 04:00:00,26.0,85.7,0.9,0.0,0.0,Refrigerator,31889.9
2024-10-01 05:00:00,25.8,86.2,1.0,0.0,0.0,Washing Machine,31198.7
2024-10-01 06:00:00,26.2,85.3,1.2,0.05,0.1,Water Heater,45845.8
2024-10-01 07:00:00,27.5,83.3,1.5,0.12,0.25,Microwave,47234.7
2024-10-01 08:00:00,28.9,80.0,1.8,0.3,0.55,Refrigerator,48112.6
2024-10-01 09:00:00,30.5,76.3,2.1,0.5,0.8,None,46298.7
2024-10-01 10:00:00,31.8,72.7,2.5,0.7,1.1,None,45223.7
2024-10-01 11:00:00,33.1,69.0,2.8,0.85,1.4,Refrigerator,45834.7
2024-10-01 12:00:00,34.0,65.7,3.0,0.9,1.6,Air Conditioner,54212.6
2024-10-01 13:00:00,34.6,63.8,3.1,0.88,1.55,Air Conditioner,55367.9
2024-10-01 14:00:00,34.9,62.5,3.0,0.8,1.45,Air Conditioner,56098.7
2024-10-01 15:00:00,34.3,63.9,2.9,0.72,1.2,Refrigerator,51167.9
2024-10-01 16:00:00,33.5,66.0,2.7,0.6,1.0,TV,48845.8
2024-10-01 17:00:00,32.7,69.1,2.4,0.45,0.75,Refrigerator,47545.8
2024-10-01 18:00:00,31.6,72.7,2.0,0.2,0.4,Oven,55923.7
2024-10-01 19:00:00,30.5,76.0,1.8,0.1,0.2,TV,55156.7
2024-10-01 20:00:00,29.7,78.7,1.6,0.0,0.0,Dishwasher,54798.7
2024-10-01 21:00:00,29.0,80.3,1.5,0.0,0.0,TV,57523.7
2024-10-01 22:00:00,28.4,81.5,1.4,0.0,0.0,Refrigerator,44823.7
2024-10-01 23:00:00,27.9,82.4,1.3,0.0,0.0,EV Charger,46878.9
2024-10-02 00:00:00,27.5,83.1,1.2,0.0,0.0,Refrigerator,36089.9
2024-10-02 01:00:00,27.1,83.9,1.1,0.0,0.0,EV Charger,48167.9
2024-10-02 02:00:00,26.7,84.6,1.1,0.0,0.0,EV Charger,48856.7
2024-10-02 03:00:00,26.4,85.2,1.0,0.0,0.0,None,33223.7
2024-10-02 04:00:00,26.1,85.6,0.9,0.0,0.0,Refrigerator,32198.7
2024-10-02 05:00:00,25.9,86.1,1.0,0.0,0.0,None,31512.6
2024-10-02 06:00:00,26.3,85.2,1.2,0.05,0.1,Water Heater,46156.7
2024-10-02 07:00:00,27.6,83.2,1.5,0.12,0.25,Microwave,47545.9
2024-10-02 08:00:00,29.0,79.9,1.8,0.3,0.55,Refrigerator,48423.7
2024-10-02 09:00:00,30.6,76.2,2.1,0.5,0.8,Washing Machine,46612.6
2024-10-02 10:00:00,31.9,72.6,2.5,0.7,1.1,None,45534.5
2024-10-02 11:00:00,33.2,68.9,2.8,0.85,1.4,Refrigerator,46145.9
2024-10-02 12:00:00,34.1,65.6,3.0,0.9,1.6,Oven,54523.7
2024-10-02 13:00:00,34.7,63.7,3.1,0.88,1.55,Air Conditioner,55678.9
2024-10-02 14:00:00,35.0,62.4,3.0,0.8,1.45,Air Conditioner,56412.6
2024-10-02 15:00:00,34.4,63.8,2.9,0.72,1.2,Refrigerator,51478.9
2024-10-02 16:00:00,33.6,65.9,2.7,0.6,1.0,None,49156.7
2024-10-02 17:00:00,32.8,69.0,2.4,0.45,0.75,Refrigerator,47856.7
2024-10-02 18:00:00,31.7,72.6,2.0,0.2,0.4,TV,56234.5
2024-10-02 19:00:00,30.6,75.9,1.8,0.1,0.2,Oven,55467.9
2024-10-02 20:00:00,29.8,78.6,1.6,0.0,0.0,TV,55112.6
2024-10-02 21:00:00,29.1,80.2,1.5,0.0,0.0,Dishwasher,57845.9
2024-10-02 22:00:00,28.5,81.4,1.4,0.0,0.0,Refrigerator,45145.9
2024-10-02 23:00:00,28.0,82.3,1.3,0.0,0.0,EV Charger,47198.7
2024-10-03 00:00:00,27.6,83.0,1.2,0.0,0.0,Refrigerator,36398.7
2024-10-03 01:00:00,27.2,83.8,1.1,0.0,0.0,EV Charger,48478.9
2024-10-03 02:00:00,26.8,84.5,1.1,0.0,0.0,EV Charger,49167.9
2024-10-03 03:00:00,26.5,85.1,1.0,0.0,0.0,None,33534.5
2024-10-03 04:00:00,26.2,85.5,0.9,0.0,0.0,Refrigerator,32512.6
2024-10-03 05:00:00,26.0,86.0,1.0,0.0,0.0,None,31823.7
2024-10-03 06:00:00,26.4,85.1,1.2,0.05,0.1,Water Heater,46467.9
2024-10-03 07:00:00,27.7,83.1,1.5,0.12,0.25,Microwave,47856.9
2024-10-03 08:00:00,29.1,79.8,1.8,0.3,0.55,Refrigerator,48734.5
2024-10-03 09:00:00,30.7,76.1,2.1,0.5,0.8,Washing Machine,46923.7
2024-10-03 10:00:00,32.0,72.5,2.5,0.7,1.1,None,45845.9
2024-10-03 11:00:00,33.3,68.8,2.8,0.85,1.4,Refrigerator,46456.9
2024-10-03 12:00:00,34.2,65.5,3.0,0.9,1.6,Air Conditioner,54834.5
2024-10-03 13:00:00,34.8,63.6,3.1,0.88,1.55,Air Conditioner,55989.9
2024-10-03 14:00:00,35.1,62.3,3.0,0.8,1.45,Oven,56723.7
2024-10-03 15:00:00,34.5,63.7,2.9,0.72,1.2,Refrigerator,51789.9
2024-10-03 16:00:00,33.7,65.8,2.7,0.6,1.0,None,49467.9
2024-10-03 17:00:00,32.9,68.9,2.4,0.45,0.75,Refrigerator,48167.9
2024-10-03 18:00:00,31.8,72.5,2.0,0.2,0.4,TV,56545.9
2024-10-03 19:00:00,30.7,75.8,1.8,0.1,0.2,Oven,55778.9
2024-10-03 20:00:00,29.9,78.5,1.6,0.0,0.0,Dishwasher,55423.7
2024-10-03 21:00:00,29.2,80.1,1.5,0.0,0.0,TV,58156.7
2024-10-03 22:00:00,28.6,81.3,1.4,0.0,0.0,Refrigerator,45456.9
2024-10-03 23:00:00,28.1,82.2,1.3,0.0,0.0,EV Charger,47512.6
2024-10-04 00:00:00,27.7,82.9,1.2,0.0,0.0,Refrigerator,36712.6
2024-10-04 01:00:00,27.3,83.7,1.1,0.0,0.0,EV Charger,48789.9
2024-10-04 02:00:00,26.9,84.4,1.1,0.0,0.0,EV Charger,49478.9
2024-10-04 03:00:00,26.6,85.0,1.0,0.0,0.0,None,33845.9
2024-10-04 04:00:00,26.3,85.4,0.9,0.0,0.0,Refrigerator,32823.7
2024-10-04 05:00:00,26.1,85.9,1.0,0.0,0.0,Washing Machine,32134.5
2024-10-04 06:00:00,26.5,85.0,1.2,0.05,0.1,Water Heater,46778.9
2024-10-04 07:00:00,27.8,83.0,1.5,0.12,0.25,Microwave,48167.9
2024-10-04 08:00:00,29.2,79.7,1.8,0.3,0.55,Refrigerator,49045.9
2024-10-04 09:00:00,30.8,76.0,2.1,0.5,0.8,None,47234.5
2024-10-04 10:00:00,32.1,72.4,2.5,0.7,1.1,None,46156.7
2024-10-04 11:00:00,33.4,68.7,2.8,0.85,1.4,Refrigerator,46767.9
2024-10-04 12:00:00,34.3,65.4,3.0,0.9,1.6,Air Conditioner,55145.9
2024-10-04 13:00:00,34.9,63.5,3.1,0.88,1.55,Air Conditioner,56298.7
2024-10-04 14:00:00,35.2,62.2,3.0,0.8,1.45,Air Conditioner,57034.5
2024-10-04 15:00:00,34.6,63.6,2.9,0.72,1.2,Refrigerator,52098.7
2024-10-04 16:00:00,33.8,65.7,2.7,0.6,1.0,None,49778.9
2024-10-04 17:00:00,33.0,68.8,2.4,0.45,0.75,Refrigerator,48478.9
2024-10-04 18:00:00,31.9,72.4,2.0,0.2,0.4,Oven,56856.7
2024-10-04 19:00:00,30.8,75.7,1.8,0.1,0.2,TV,56089.9
2024-10-04 20:00:00,30.0,78.4,1.6,0.0,0.0,Dishwasher,55734.5
2024-10-04 21:00:00,29.3,80.0,1.5,0.0,0.0,TV,58467.9
2024-10-04 22:00:00,28.7,81.2,1.4,0.0,0.0,Refrigerator,45767.9
2024-10-04 23:00:00,28.2,82.1,1.3,0.0,0.0,EV Charger,47823.7
2024-10-05 00:00:00,27.8,82.8,1.2,0.0,0.0,Refrigerator,37023.7
2024-10-05 01:00:00,27.4,83.6,1.1,0.0,0.0,EV Charger,49098.7
2024-10-05 02:00:00,27.0,84.3,1.1,0.0,0.0,EV Charger,49789.9
2024-10-05 03:00:00,26.7,84.9,1.0,0.0,0.0,None,34156.7
2024-10-05 04:00:00,26.4,85.3,0.9,0.0,0.0,Refrigerator,33134.5
2024-10-05 05:00:00,26.2,85.8,1.0,0.0,0.0,None,32445.9
2024-10-05 06:00:00,26.6,84.9,1.2,0.05,0.1,Water Heater,47089.9
2024-10-05 07:00:00,27.9,82.9,1.5,0.12,0.25,Microwave,48478.9
2024-10-05 08:00:00,29.3,79.6,1.8,0.3,0.55,Refrigerator,49356.7
2024-10-05 09:00:00,30.9,75.9,2.1,0.5,0.8,Washing Machine,47545.9
2024-10-05 10:00:00,32.2,72.3,2.5,0.7,1.1,None,46467.9
2024-10-05 11:00:00,33.5,68.6,2.8,0.85,1.4,Refrigerator,47078.9
2024-10-05 12:00:00,34.4,65.3,3.0,0.9,1.6,Oven,55456.7
2024-10-05 13:00:00,35.0,63.4,3.1,0.88,1.55,Air Conditioner,56612.6
2024-10-05 14:00:00,35.3,62.1,3.0,0.8,1.45,Air Conditioner,57345.9
2024-10-05 15:00:00,34.7,63.5,2.9,0.72,1.2,Refrigerator,52412.6
2024-10-05 16:00:00,33.9,65.6,2.7,0.6,1.0,None,50089.9
2024-10-05 17:00:00,33.1,68.7,2.4,0.45,0.75,Refrigerator,48789.9
2024-10-05 18:00:00,32.0,72.3,2.0,0.2,0.4,TV,57167.9
2024-10-05 19:00:00,30.9,75.6,1.8,0.1,0.2,Oven,56398.7
2024-10-05 20:00:00,30.1,78.3,1.6,0.0,0.0,TV,56045.9
2024-10-05 21:00:00,29.4,79.9,1.5,0.0,0.0,Dishwasher,58778.9
2024-10-05 22:00:00,28.8,81.1,1.4,0.0,0.0,Refrigerator,46078.9
2024-10-05 23:00:00,28.3,82.0,1.3,0.0,0.0,EV Charger,48134.5
2024-10-06 00:00:00,27.9,82.7,1.2,0.0,0.0,Refrigerator,37334.5
2024-10-06 01:00:00,27.5,83.5,1.1,0.0,0.0,EV Charger,49412.6
2024-10-06 02:00:00,27.1,84.2,1.1,0.0,0.0,EV Charger,50101.2
2024-10-06 03:00:00,26.8,84.8,1.0,0.0,0.0,Washing Machine,34467.9
2024-10-06 04:00:00,26.5,85.2,0.9,0.0,0.0,Refrigerator,33445.9
2024-10-06 05:00:00,26.3,85.7,1.0,0.0,0.0,None,32756.7
2024-10-06 06:00:00,26.7,84.8,1.2,0.05,0.1,Water Heater,47398.7
2024-10-06 07:00:00,28.0,82.8,1.5,0.12,0.25,Microwave,48789.9
2024-10-06 08:00:00,29.4,79.5,1.8,0.3,0.55,Refrigerator,49667.9
2024-10-06 09:00:00,31.0,75.8,2.1,0.5,0.8,None,47856.7
2024-10-06 10:00:00,32.3,72.2,2.5,0.7,1.1,None,46778.9
2024-10-06 11:00:00,33.6,68.5,2.8,0.85,1.4,Refrigerator,47389.9
2024-10-06 12:00:00,34.5,65.2,3.0,0.9,1.6,Air Conditioner,55767.9
2024-10-06 13:00:00,35.1,63.3,3.1,0.88,1.55,Air Conditioner,56923.6
2024-10-06 14:00:00,35.4,62.0,3.0,0.8,1.45,Oven,57656.7
2024-10-06 15:00:00,34.8,63.4,2.9,0.72,1.2,Refrigerator,52723.6
2024-10-06 16:00:00,34.0,65.5,2.7,0.6,1.0,None,50398.7
2024-10-06 17:00:00,33.2,68.6,2.4,0.45,0.75,Refrigerator,49098.7
2024-10-06 18:00:00,32.1,72.2,2.0,0.2,0.4,TV,57478.9
2024-10-06 19:00:00,31.0,75.5,1.8,0.1,0.2,TV,56712.6
2024-10-06 20:00:00,30.2,78.2,1.6,0.0,0.0,Dishwasher,56356.7
2024-10-06 21:00:00,29.5,79.8,1.5,0.0,0.0,Dishwasher,59089.9
2024-10-06 22:00:00,28.9,81.0,1.4,0.0,0.0,Refrigerator,46389.9
2024-10-06 23:00:00,28.4,81.9,1.3,0.0,0.0,EV Charger,48445.9
2024-10-07 00:00:00,28.0,82.6,1.2,0.0,0.0,Refrigerator,37645.9
2024-10-07 01:00:00,27.6,83.4,1.1,0.0,0.0,EV Charger,49723.6
2024-10-07 02:00:00,27.2,84.1,1.1,0.0,0.0,EV Charger,50412.6
2024-10-07 03:00:00,26.9,84.7,1.0,0.0,0.0,None,34778.9
2024-10-07 04:00:00,26.6,85.1,0.9,0.0,0.0,Refrigerator,33756.7
2024-10-07 05:00:00,26.4,85.6,1.0,0.0,0.0,None,33067.9
2024-10-07 06:00:00,26.8,84.7,1.2,0.05,0.1,Water Heater,47712.6
2024-10-07 07:00:00,28.1,82.7,1.5,0.12,0.25,Microwave,49101.4
2024-10-07 08:00:00,29.5,79.4,1.8,0.3,0.55,Refrigerator,49978.9
2024-10-07 09:00:00,31.1,75.7,2.1,0.5,0.8,Washing Machine,48167.9
2024-10-07 10:00:00,32.4,72.1,2.5,0.7,1.1,None,47089.9
2024-10-07 11:00:00,33.7,68.4,2.8,0.85,1.4,Refrigerator,47698.7
2024-10-07 12:00:00,34.6,65.1,3.0,0.9,1.6,Air Conditioner,56078.9
2024-10-07 13:00:00,35.2,63.2,3.1,0.88,1.55,Air Conditioner,57234.5
2024-10-07 14:00:00,35.5,61.9,3.0,0.8,1.45,Air Conditioner,57967.9
2024-10-07 15:00:00,34.9,63.3,2.9,0.72,1.2,Refrigerator,53034.5
2024-10-07 16:00:00,34.1,65.4,2.7,0.6,1.0,TV,50712.6
2024-10-07 17:00:00,33.3,68.5,2.4,0.45,0.75,Refrigerator,49412.6
2024-10-07 18:00:00,32.2,72.1,2.0,0.2,0.4,Oven,57789.9
2024-10-07 19:00:00,31.1,75.4,1.8,0.1,0.2,TV,57023.6
2024-10-07 20:00:00,30.3,78.1,1.6,0.0,0.0,TV,56667.9
2024-10-07 21:00:00,29.6,79.7,1.5,0.0,0.0,Dishwasher,59398.7
2024-10-07 22:00:00,29.0,80.9,1.4,0.0,0.0,Refrigerator,46698.7
2024-10-07 23:00:00,28.5,81.8,1.3,0.0,0.0,EV Charger,48756.7
2024-10-08 00:00:00,28.1,82.5,1.2,0.0,0.0,Refrigerator,37956.7
2024-10-08 01:00:00,27.7,83.3,1.1,0.0,0.0,EV Charger,50034.5
2024-10-08 02:00:00,27.3,84.0,1.1,0.0,0.0,EV Charger,50723.6
2024-10-08 03:00:00,27.0,84.6,1.0,0.0,0.0,None,35089.9
2024-10-08 04:00:00,26.7,85.0,0.9,0.0,0.0,Refrigerator,34067.9
2024-10-08 05:00:00,26.5,85.5,1.0,0.0,0.0,None,33378.9
2024-10-08 06:00:00,26.9,84.6,1.2,0.05,0.1,Water Heater,48023.6
2024-10-08 07:00:00,28.2,82.6,1.5,0.12,0.25,Microwave,49412.7
2024-10-08 08:00:00,29.6,79.3,1.8,0.3,0.55,Refrigerator,50289.9
2024-10-08 09:00:00,31.2,75.6,2.1,0.5,0.8,Washing Machine,48478.9
2024-10-08 10:00:00,32.5,72.0,2.5,0.7,1.1,None,47398.7
2024-10-08 11:00:00,33.8,68.3,2.8,0.85,1.4,Refrigerator,48012.7
2024-10-08 12:00:00,34.7,65.0,3.0,0.9,1.6,Air Conditioner,56389.9
2024-10-08 13:00:00,35.3,63.1,3.1,0.88,1.55,Oven,57545.9
2024-10-08 14:00:00,35.6,61.8,3.0,0.8,1.45,Air Conditioner,58278.9
2024-10-08 15:00:00,35.0,63.2,2.9,0.72,1.2,Refrigerator,53345.9
2024-10-08 16:00:00,34.2,65.3,2.7,0.6,1.0,None,51023.6
2024-10-08 17:00:00,33.4,68.4,2.4,0.45,0.75,Refrigerator,49723.6
2024-10-08 18:00:00,32.3,72.0,2.0,0.2,0.4,TV,58101.2
2024-10-08 19:00:00,31.2,75.3,1.8,0.1,0.2,TV,57334.5
2024-10-08 20:00:00,30.4,78.0,1.6,0.0,0.0,Dishwasher,56978.9
2024-10-08 21:00:00,29.7,79.6,1.5,0.0,0.0,Dishwasher,59712.7
2024-10-08 22:00:00,29.1,80.8,1.4,0.0,0.0,Refrigerator,47012.7
2024-10-08 23:00:00,28.6,81.7,1.3,0.0,0.0,EV Charger,49067.9
2024-10-09 00:00:00,28.2,82.4,1.2,0.0,0.0,Refrigerator,38267.9
2024-10-09 01:00:00,27.8,83.2,1.1,0.0,0.0,EV Charger,50345.9
2024-10-09 02:00:00,27.4,83.9,1.1,0.0,0.0,EV Charger,51034.5
2024-10-09 03:00:00,27.1,84.5,1.0,0.0,0.0,None,35398.7
2024-10-09 04:00:00,26.8,84.9,0.9,0.0,0.0,Refrigerator,34378.9
2024-10-09 05:00:00,26.6,85.4,1.0,0.0,0.0,Washing Machine,33689.9
2024-10-09 06:00:00,27.0,84.5,1.2,0.05,0.1,Water Heater,48334.5
2024-10-09 07:00:00,28.3,82.5,1.5,0.12,0.25,Microwave,49723.7
2024-10-09 08:00:00,29.7,79.2,1.8,0.3,0.55,Refrigerator,50598.7
2024-10-09 09:00:00,31.3,75.5,2.1,0.5,0.8,None,48789.9
2024-10-09 10:00:00,32.6,71.9,2.5,0.7,1.1,None,47712.7
2024-10-09 11:00:00,33.9,68.2,2.8,0.85,1.4,Refrigerator,48323.7
2024-10-09 12:00:00,34.8,64.9,3.0,0.9,1.6,Air Conditioner,56698.7
2024-10-09 13:00:00,35.4,63.0,3.1,0.88,1.55,Air Conditioner,57856.7
2024-10-09 14:00:00,35.7,61.7,3.0,0.8,1.45,Air Conditioner,58589.9
2024-10-09 15:00:00,35.1,63.1,2.9,0.72,1.2,Refrigerator,53656.7
2024-10-09 16:00:00,34.3,65.2,2.7,0.6,1.0,None,51334.5
2024-10-09 17:00:00,33.5,68.3,2.4,0.45,0.75,Refrigerator,50034.5
2024-10-09 18:00:00,32.4,71.9,2.0,0.2,0.4,Oven,58412.7
2024-10-09 19:00:00,31.3,75.2,1.8,0.1,0.2,TV,57645.9
2024-10-09 20:00:00,30.5,77.9,1.6,0.0,0.0,TV,57289.9
2024-10-09 21:00:00,29.8,79.5,1.5,0.0,0.0,Dishwasher,60023.7
2024-10-09 22:00:00,29.2,80.7,1.4,0.0,0.0,Refrigerator,47323.7
2024-10-09 23:00:00,28.7,81.6,1.3,0.0,0.0,EV Charger,49378.9
2024-10-10 00:00:00,28.3,82.3,1.2,0.0,0.0,Refrigerator,38578.9
2024-10-10 01:00:00,27.9,83.1,1.1,0.0,0.0,EV Charger,50656.7
2024-10-10 02:00:00,27.5,83.8,1.1,0.0,0.0,EV Charger,51345.9
2024-10-10 03:00:00,27.2,84.4,1.0,0.0,0.0,None,35712.7
2024-10-10 04:00:00,26.9,84.8,0.9,0.0,0.0,Refrigerator,34689.9
2024-10-10 05:00:00,26.7,85.3,1.0,0.0,0.0,None,33998.7
2024-10-10 06:00:00,27.1,84.4,1.2,0.05,0.1,Water Heater,48645.9
2024-10-10 07:00:00,28.4,82.4,1.5,0.12,0.25,Microwave,50034.7
2024-10-10 08:00:00,29.8,79.1,1.8,0.3,0.55,Refrigerator,50912.7
2024-10-10 09:00:00,31.4,75.4,2.1,0.5,0.8,Washing Machine,49101.2
2024-10-10 10:00:00,32.7,71.8,2.5,0.7,1.1,None,48023.7
2024-10-10 11:00:00,34.0,68.1,2.8,0.85,1.4,Refrigerator,48634.7
2024-10-10 12:00:00,34.9,64.8,3.0,0.9,1.6,Oven,56998.7
2024-10-10 13:00:00,35.5,62.9,3.1,0.88,1.55,Air Conditioner,58156.7
2024-10-10 14:00:00,35.8,61.6,3.0,0.8,1.45,Air Conditioner,58889.9
2024-10-10 15:00:00,35.2,63.0,2.9,0.72,1.2,Refrigerator,53956.7
2024-10-10 16:00:00,34.4,65.1,2.7,0.6,1.0,None,51634.5
2024-10-10 17:00:00,33.6,68.2,2.4,0.45,0.75,Refrigerator,50334.5
2024-10-10 18:00:00,32.5,71.8,2.0,0.2,0.4,TV,58723.7
2024-10-10 19:00:00,31.4,75.1,1.8,0.1,0.2,Oven,57956.7
2024-10-10 20:00:00,30.6,77.8,1.6,0.0,0.0,TV,57598.7
2024-10-10 21:00:00,29.9,79.4,1.5,0.0,0.0,Dishwasher,60334.5
2024-10-10 22:00:00,29.3,80.6,1.4,0.0,0.0,Refrigerator,47634.7
2024-10-10 23:00:00,28.8,81.5,1.3,0.0,0.0,EV Charger,49689.9
2024-10-11 00:00:00,28.4,82.2,1.2,0.0,0.0,Refrigerator,38889.9
2024-10-11 01:00:00,28.0,83.0,1.1,0.0,0.0,EV Charger,50967.9
2024-10-11 02:00:00,27.6,83.7,1.1,0.0,0.0,EV Charger,51656.7
2024-10-11 03:00:00,27.3,84.3,1.0,0.0,0.0,None,36023.7
2024-10-11 04:00:00,27.0,84.7,0.9,0.0,0.0,Refrigerator,34998.7
2024-10-11 05:00:00,26.8,85.2,1.0,0.0,0.0,None,34312.7
2024-10-11 06:00:00,27.2,84.3,1.2,0.05,0.1,Water Heater,48956.7
2024-10-11 07:00:00,28.5,82.3,1.5,0.12,0.25,Microwave,50345.9
2024-10-11 08:00:00,29.9,79.0,1.8,0.3,0.55,Refrigerator,51223.7
2024-10-11 09:00:00,31.5,75.3,2.1,0.5,0.8,Washing Machine,49412.7
2024-10-11 10:00:00,32.8,71.7,2.5,0.7,1.1,None,48334.5
2024-10-11 11:00:00,34.1,68.0,2.8,0.85,1.4,Refrigerator,48945.9
2024-10-11 12:00:00,35.0,64.7,3.0,0.9,1.6,Air Conditioner,57323.7
2024-10-11 13:00:00,35.6,62.8,3.1,0.88,1.55,Air Conditioner,58478.9
2024-10-11 14:00:00,35.9,61.5,3.0,0.8,1.45,Oven,59212.7
2024-10-11 15:00:00,35.3,62.9,2.9,0.72,1.2,Refrigerator,54278.9
2024-10-11 16:00:00,34.5,65.0,2.7,0.6,1.0,None,51956.7
2024-10-11 17:00:00,33.7,68.1,2.4,0.45,0.75,Refrigerator,50656.7
2024-10-11 18:00:00,32.6,71.7,2.0,0.2,0.4,Oven,59034.5
2024-10-11 19:00:00,31.5,75.0,1.8,0.1,0.2,TV,58267.9
2024-10-11 20:00:00,30.7,77.7,1.6,0.0,0.0,TV,57912.7
2024-10-11 21:00:00,30.0,79.3,1.5,0.0,0.0,Dishwasher,60645.9
2024-10-11 22:00:00,29.4,80.5,1.4,0.0,0.0,Refrigerator,47945.9
2024-10-11 23:00:00,28.9,81.4,1.3,0.0,0.0,EV Charger,50012.7
2024-10-12 00:00:00,28.5,82.1,1.2,0.0,0.0,Refrigerator,39198.7
2024-10-12 01:00:00,28.1,82.9,1.1,0.0,0.0,EV Charger,51278.9
2024-10-12 02:00:00,27.7,83.6,1.1,0.0,0.0,EV Charger,51967.9
2024-10-12 03:00:00,27.4,84.2,1.0,0.0,0.0,None,36334.5
2024-10-12 04:00:00,27.1,84.6,0.9,0.0,0.0,Refrigerator,35312.7
2024-10-12 05:00:00,26.9,85.1,1.0,0.0,0.0,None,34623.7
2024-10-12 06:00:00,27.3,84.2,1.2,0.05,0.1,Water Heater,49267.9
2024-10-12 07:00:00,28.6,82.2,1.5,0.12,0.25,Microwave,50656.9
2024-10-12 08:00:00,30.0,78.9,1.8,0.3,0.55,Refrigerator,51534.5
2024-10-12 09:00:00,31.6,75.2,2.1,0.5,0.8,Washing Machine,49723.7
2024-10-12 10:00:00,32.9,71.6,2.5,0.7,1.1,None,48645.9
2024-10-12 11:00:00,34.2,67.9,2.8,0.85,1.4,Refrigerator,49256.9
2024-10-12 12:00:00,35.1,64.6,3.0,0.9,1.6,Air Conditioner,57634.5
2024-10-12 13:00:00,35.7,62.7,3.1,0.88,1.55,Oven,58789.9
2024-10-12 14:00:00,36.0,61.4,3.0,0.8,1.45,Air Conditioner,59523.7
2024-10-12 15:00:00,35.4,62.8,2.9,0.72,1.2,Refrigerator,54589.9
2024-10-12 16:00:00,34.6,64.9,2.7,0.6,1.0,None,52267.9
2024-10-12 17:00:00,33.8,68.0,2.4,0.45,0.75,Refrigerator,50967.9
2024-10-12 18:00:00,32.7,71.6,2.0,0.2,0.4,TV,59345.9
2024-10-12 19:00:00,31.6,74.9,1.8,0.1,0.2,Oven,58578.9
2024-10-12 20:00:00,30.8,77.6,1.6,0.0,0.0,TV,58223.7
2024-10-12 21:00:00,30.1,79.2,1.5,0.0,0.0,Dishwasher,60956.7
2024-10-12 22:00:00,29.5,80.4,1.4,0.0,0.0,Refrigerator,48256.9
2024-10-12 23:00:00,29.0,81.3,1.3,0.0,0.0,EV Charger,50321.6
2024-10-13 00:00:00,28.6,82.0,1.2,0.0,0.0,Refrigerator,39512.7
2024-10-13 01:00:00,28.2,82.8,1.1,0.0,0.0,EV Charger,51589.9
2024-10-13 02:00:00,27.8,83.5,1.1,0.0,0.0,EV Charger,52278.9
2024-10-13 03:00:00,27.5,84.1,1.0,0.0,0.0,None,36645.9
2024-10-13 04:00:00,27.2,84.5,0.9,0.0,0.0,Refrigerator,35623.7
2024-10-13 05:00:00,27.0,85.0,1.0,0.0,0.0,None,34934.5
2024-10-13 06:00:00,27.4,84.1,1.2,0.05,0.1,Water Heater,49578.9
2024-10-13 07:00:00,28.7,82.1,1.5,0.12,0.25,Microwave,50967.9
2024-10-13 08:00:00,30.1,78.8,1.8,0.3,0.55,Refrigerator,51845.9
2024-10-13 09:00:00,31.7,75.1,2.1,0.5,0.8,Washing Machine,50034.5
2024-10-13 10:00:00,33.0,71.5,2.5,0.7,1.1,None,48956.7
2024-10-13 11:00:00,34.3,67.8,2.8,0.85,1.4,Refrigerator,49567.9
2024-10-13 12:00:00,35.2,64.5,3.0,0.9,1.6,Air Conditioner,57945.9
2024-10-13 13:00:00,35.8,62.6,3.1,0.88,1.55,Air Conditioner,59101.2
2024-10-13 14:00:00,36.1,61.3,3.0,0.8,1.45,Air Conditioner,59834.5
2024-10-13 15:00:00,35.5,62.7,2.9,0.72,1.2,Refrigerator,54898.7
2024-10-13 16:00:00,34.7,64.8,2.7,0.6,1.0,TV,52578.9
2024-10-13 17:00:00,33.9,67.9,2.4,0.45,0.75,Refrigerator,51278.9
2024-10-13 18:00:00,32.8,71.5,2.0,0.2,0.4,Oven,59656.7
2024-10-13 19:00:00,31.7,74.8,1.8,0.1,0.2,TV,58889.9
2024-10-13 20:00:00,30.9,77.5,1.6,0.0,0.0,Dishwasher,58534.5
2024-10-13 21:00:00,30.2,79.1,1.5,0.0,0.0,TV,61267.9
2024-10-13 22:00:00,29.6,80.3,1.4,0.0,0.0,Refrigerator,48567.9
2024-10-13 23:00:00,29.1,81.2,1.3,0.0,0.0,EV Charger,50634.5
2024-10-14 00:00:00,28.7,81.9,1.2,0.0,0.0,Refrigerator,39823.7
2024-10-14 01:00:00,28.3,82.7,1.1,0.0,0.0,EV Charger,51898.7
2024-10-14 02:00:00,27.9,83.4,1.1,0.0,0.0,EV Charger,52589.9
2024-10-14 03:00:00,27.6,84.0,1.0,0.0,0.0,None,36956.7
2024-10-14 04:00:00,27.3,84.4,0.9,0.0,0.0,Refrigerator,35934.5
2024-10-14 05:00:00,27.1,84.9,1.0,0.0,0.0,None,35245.9
2024-10-14 06:00:00,27.5,84.0,1.2,0.05,0.1,Water Heater,49889.9
2024-10-14 07:00:00,28.8,82.0,1.5,0.12,0.25,Microwave,51278.9
2024-10-14 08:00:00,30.2,78.7,1.8,0.3,0.55,Refrigerator,52156.7
2024-10-14 09:00:00,31.8,75.0,2.1,0.5,0.8,Washing Machine,50345.9
2024-10-14 10:00:00,33.1,71.4,2.5,0.7,1.1,None,49267.9
2024-10-14 11:00:00,34.4,67.7,2.8,0.85,1.4,Refrigerator,49878.9
2024-10-14 12:00:00,35.3,64.4,3.0,0.9,1.6,Oven,58256.7
2024-10-14 13:00:00,35.9,62.5,3.1,0.88,1.55,Air Conditioner,59412.6
2024-10-14 14:00:00,36.2,61.2,3.0,0.8,1.45,Air Conditioner,60145.9
2024-10-14 15:00:00,35.6,62.6,2.9,0.72,1.2,Refrigerator,55212.6
2024-10-14 16:00:00,34.8,64.7,2.7,0.6,1.0,None,52889.9
2024-10-14 17:00:00,34.0,67.8,2.4,0.45,0.75,Refrigerator,51589.9
2024-10-14 18:00:00,32.9,71.4,2.0,0.2,0.4,TV,59967.9
2024-10-14 19:00:00,31.8,74.7,1.8,0.1,0.2,Oven,59198.7
2024-10-14 20:00:00,31.0,77.4,1.6,0.0,0.0,TV,58845.9
2024-10-14 21:00:00,30.3,79.0,1.5,0.0,0.0,Dishwasher,61578.9
2024-10-14 22:00:00,29.7,80.2,1.4,0.0,0.0,Refrigerator,48878.9
2024-10-14 23:00:00,29.2,81.1,1.3,0.0,0.0,EV Charger,50945.9
2024-10-15 00:00:00,28.8,81.8,1.2,0.0,0.0,Refrigerator,40134.5
2024-10-15 01:00:00,28.4,82.6,1.1,0.0,0.0,EV Charger,52212.6
2024-10-15 02:00:00,28.0,83.3,1.1,0.0,0.0,EV Charger,52898.7
2024-10-15 03:00:00,27.7,83.9,1.0,0.0,0.0,None,37267.9
2024-10-15 04:00:00,27.4,84.3,0.9,0.0,0.0,Refrigerator,36245.9
2024-10-15 05:00:00,27.2,84.8,1.0,0.0,0.0,None,35556.7
2024-10-15 06:00:00,27.6,83.9,1.2,0.05,0.1,Water Heater,50198.7
2024-10-15 07:00:00,28.9,81.9,1.5,0.12,0.25,Microwave,51589.9
2024-10-15 08:00:00,30.3,78.6,1.8,0.3,0.55,Refrigerator,52467.9
2024-10-15 09:00:00,31.9,74.9,2.1,0.5,0.8,Washing Machine,50656.7
2024-10-15 10:00:00,33.2,71.3,2.5,0.7,1.1,None,49578.9
2024-10-15 11:00:00,34.5,67.6,2.8,0.85,1.4,Refrigerator,50189.9
2024-10-15 12:00:00,35.4,64.3,3.0,0.9,1.6,Air Conditioner,58567.9
2024-10-15 13:00:00,36.0,62.4,3.1,0.88,1.55,Air Conditioner,59723.6
2024-10-15 14:00:00,36.3,61.1,3.0,0.8,1.45,Oven,60456.7
2024-10-15 15:00:00,35.7,62.5,2.9,0.72,1.2,Refrigerator,55523.6
2024-10-15 16:00:00,34.9,64.6,2.7,0.6,1.0,None,53201.2
2024-10-15 17:00:00,34.1,67.7,2.4,0.45,0.75,Refrigerator,51901.2
2024-10-15 18:00:00,33.0,71.3,2.0,0.2,0.4,TV,60278.9
2024-10-15 19:00:00,31.9,74.6,1.8,0.1,0.2,Oven,59512.6
2024-10-15 20:00:00,31.1,77.3,1.6,0.0,0.0,Dishwasher,59156.7
2024-10-15 21:00:00,30.4,78.9,1.5,0.0,0.0,TV,61889.9
2024-10-15 22:00:00,29.8,80.1,1.4,0.0,0.0,Refrigerator,49189.9
2024-10-15 23:00:00,29.3,81.0,1.3,0.0,0.0,EV Charger,51245.9
2024-10-16 00:00:00,28.9,81.7,1.2,0.0,0.0,Refrigerator,40445.9
2024-10-16 01:00:00,28.5,82.5,1.1,0.0,0.0,EV Charger,52523.6
2024-10-16 02:00:00,28.1,83.2,1.1,0.0,0.0,EV Charger,53212.6
2024-10-16 03:00:00,27.8,83.8,1.0,0.0,0.0,None,37578.9
2024-10-16 04:00:00,27.5,84.2,0.9,0.0,0.0,Refrigerator,36556.7
2024-10-16 05:00:00,27.3,84.7,1.0,0.0,0.0,Washing Machine,35867.9
2024-10-16 06:00:00,27.7,83.8,1.2,0.05,0.1,Water Heater,50512.6
2024-10-16 07:00:00,29.0,81.8,1.5,0.12,0.25,Microwave,51898.9
2024-10-16 08:00:00,30.4,78.5,1.8,0.3,0.55,Refrigerator,52778.9
2024-10-16 09:00:00,32.0,74.8,2.1,0.5,0.8,None,50967.9
2024-10-16 10:00:00,33.3,71.2,2.5,0.7,1.1,None,49889.9
2024-10-16 11:00:00,34.6,67.5,2.8,0.85,1.4,Refrigerator,50498.9
2024-10-16 12:00:00,35.5,64.2,3.0,0.9,1.6,Air Conditioner,58878.9
2024-10-16 13:00:00,36.1,62.3,3.1,0.88,1.55,Air Conditioner,60034.5
2024-10-16 14:00:00,36.4,61.0,3.0,0.8,1.45,Air Conditioner,60767.9
2024-10-16 15:00:00,35.8,62.4,2.9,0.72,1.2,Refrigerator,55834.5
2024-10-16 16:00:00,35.0,64.5,2.7,0.6,1.0,None,53512.6
2024-10-16 17:00:00,34.2,67.6,2.4,0.45,0.75,Refrigerator,52212.6
2024-10-16 18:00:00,33.1,71.2,2.0,0.2,0.4,Oven,60589.9
2024-10-16 19:00:00,32.0,74.5,1.8,0.1,0.2,TV,59823.6
2024-10-16 20:00:00,31.2,77.2,1.6,0.0,0.0,TV,59467.9
2024-10-16 21:00:00,30.5,78.8,1.5,0.0,0.0,Dishwasher,62198.7
2024-10-16 22:00:00,29.9,80.0,1.4,0.0,0.0,Refrigerator,49498.9
2024-10-16 23:00:00,29.4,80.9,1.3,0.0,0.0,EV Charger,51556.7
2024-10-17 00:00:00,29.0,81.6,1.2,0.0,0.0,Refrigerator,40756.7
2024-10-17 01:00:00,28.6,82.4,1.1,0.0,0.0,EV Charger,52834.5
2024-10-17 02:00:00,28.2,83.1,1.1,0.0,0.0,EV Charger,53523.6
2024-10-17 03:00:00,27.9,83.7,1.0,0.0,0.0,None,37889.9
2024-10-17 04:00:00,27.6,84.1,0.9,0.0,0.0,Refrigerator,36867.9
2024-10-17 05:00:00,27.4,84.6,1.0,0.0,0.0,None,36178.9
2024-10-17 06:00:00,27.8,83.7,1.2,0.05,0.1,Water Heater,50823.6
2024-10-17 07:00:00,29.1,81.7,1.5,0.12,0.25,Microwave,52212.7
2024-10-17 08:00:00,30.5,78.4,1.8,0.3,0.55,Refrigerator,53089.9
2024-10-17 09:00:00,32.1,74.7,2.1,0.5,0.8,Washing Machine,51278.9
2024-10-17 10:00:00,33.4,71.1,2.5,0.7,1.1,None,50198.7
2024-10-17 11:00:00,34.7,67.4,2.8,0.85,1.4,Refrigerator,50812.7
2024-10-17 12:00:00,35.6,64.1,3.0,0.9,1.6,Oven,59189.9
2024-10-17 13:00:00,36.2,62.2,3.1,0.88,1.55,Air Conditioner,60345.9
2024-10-17 14:00:00,36.5,60.9,3.0,0.8,1.45,Air Conditioner,61078.9
2024-10-17 15:00:00,35.9,62.3,2.9,0.72,1.2,Refrigerator,56145.9
2024-10-17 16:00:00,35.1,64.4,2.7,0.6,1.0,None,53823.6
2024-10-17 17:00:00,34.3,67.5,2.4,0.45,0.75,Refrigerator,52523.6
2024-10-17 18:00:00,33.2,71.1,2.0,0.2,0.4,TV,60898.9
2024-10-17 19:00:00,32.1,74.4,1.8,0.1,0.2,Oven,60134.5
2024-10-17 20:00:00,31.3,77.1,1.6,0.0,0.0,Dishwasher,59778.9
2024-10-17 21:00:00,30.6,78.7,1.5,0.0,0.0,TV,62512.7
2024-10-17 22:00:00,30.0,79.9,1.4,0.0,0.0,Refrigerator,49812.7
2024-10-17 23:00:00,29.5,80.8,1.3,0.0,0.0,EV Charger,51867.9
2024-10-18 00:00:00,29.1,81.5,1.2,0.0,0.0,Refrigerator,41067.9
2024-10-18 01:00:00,28.7,82.3,1.1,0.0,0.0,EV Charger,53145.9
2024-10-18 02:00:00,28.3,83.0,1.1,0.0,0.0,EV Charger,53834.5
2024-10-18 03:00:00,28.0,83.6,1.0,0.0,0.0,None,38198.7
2024-10-18 04:00:00,27.7,84.0,0.9,0.0,0.0,Refrigerator,37178.9
2024-10-18 05:00:00,27.5,84.5,1.0,0.0,0.0,None,36489.9
2024-10-18 06:00:00,27.9,83.6,1.2,0.05,0.1,Water Heater,51134.5
2024-10-18 07:00:00,29.2,81.6,1.5,0.12,0.25,Microwave,52523.7
2024-10-18 08:00:00,30.6,78.3,1.8,0.3,0.55,Refrigerator,53398.7
2024-10-18 09:00:00,32.2,74.6,2.1,0.5,0.8,Washing Machine,51589.9
2024-10-18 10:00:00,33.5,71.0,2.5,0.7,1.1,None,50512.7
2024-10-18 11:00:00,34.8,67.3,2.8,0.85,1.4,Refrigerator,51123.7
2024-10-18 12:00:00,35.7,64.0,3.0,0.9,1.6,Air Conditioner,59501.2
2024-10-18 13:00:00,36.3,62.1,3.1,0.88,1.55,Oven,60656.7
2024-10-18 14:00:00,36.6,60.8,3.0,0.8,1.45,Air Conditioner,61389.9
2024-10-18 15:00:00,36.0,62.2,2.9,0.72,1.2,Refrigerator,56456.7
2024-10-18 16:00:00,35.2,64.3,2.7,0.6,1.0,None,54134.5
2024-10-18 17:00:00,34.4,67.4,2.4,0.45,0.75,Refrigerator,52834.5
2024-10-18 18:00:00,33.3,71.0,2.0,0.2,0.4,Oven,61212.7
2024-10-18 19:00:00,32.2,74.3,1.8,0.1,0.2,TV,60445.9
2024-10-18 20:00:00,31.4,77.0,1.6,0.0,0.0,TV,60089.9
2024-10-18 21:00:00,30.7,78.6,1.5,0.0,0.0,Dishwasher,62823.7
2024-10-18 22:00:00,30.1,79.8,1.4,0.0,0.0,Refrigerator,50123.7
2024-10-18 23:00:00,29.6,80.7,1.3,0.0,0.0,EV Charger,52178.9
2024-10-19 00:00:00,29.2,81.4,1.2,0.0,0.0,Refrigerator,41378.9
2024-10-19 01:00:00,28.8,82.2,1.1,0.0,0.0,EV Charger,53456.7
2024-10-19 02:00:00,28.4,82.9,1.1,0.0,0.0,EV Charger,54145.9
2024-10-19 03:00:00,28.1,83.5,1.0,0.0,0.0,None,38512.7
2024-10-19 04:00:00,27.8,83.9,0.9,0.0,0.0,Refrigerator,37489.9
2024-10-19 05:00:00,27.6,84.4,1.0,0.0,0.0,None,36798.7
2024-10-19 06:00:00,28.0,83.5,1.2,0.05,0.1,Water Heater,51445.9
2024-10-19 07:00:00,29.3,81.5,1.5,0.12,0.25,Microwave,52834.7
2024-10-19 08:00:00,30.7,78.2,1.8,0.3,0.55,Refrigerator,53712.7
2024-10-19 09:00:00,32.3,74.5,2.1,0.5,0.8,Washing Machine,51901.2
2024-10-19 10:00:00,33.6,70.9,2.5,0.7,1.1,None,50823.7
2024-10-19 11:00:00,34.9,67.2,2.8,0.85,1.4,Refrigerator,51434.7
2024-10-19 12:00:00,35.8,63.9,3.0,0.9,1.6,Oven,59812.7
2024-10-19 13:00:00,36.4,62.0,3.1,0.88,1.55,Air Conditioner,60967.9
2024-10-19 14:00:00,36.7,60.7,3.0,0.8,1.45,Air Conditioner,61698.7
2024-10-19 15:00:00,36.1,62.1,2.9,0.72,1.2,Refrigerator,56767.9
2024-10-19 16:00:00,35.3,64.2,2.7,0.6,1.0,None,54445.9
2024-10-19 17:00:00,34.5,67.3,2.4,0.45,0.75,Refrigerator,53145.9
2024-10-19 18:00:00,33.4,70.9,2.0,0.2,0.4,TV,61523.7
2024-10-19 19:00:00,32.3,74.2,1.8,0.1,0.2,Oven,60756.7
2024-10-19 20:00:00,31.5,76.9,1.6,0.0,0.0,Dishwasher,60398.7
2024-10-19 21:00:00,30.8,78.5,1.5,0.0,0.0,TV,63134.5
2024-10-19 22:00:00,30.2,79.7,1.4,0.0,0.0,Refrigerator,50434.7
2024-10-19 23:00:00,29.7,80.6,1.3,0.0,0.0,EV Charger,52489.9
2024-10-20 00:00:00,29.3,81.3,1.2,0.0,0.0,Refrigerator,41689.9
2024-10-20 01:00:00,28.9,82.1,1.1,0.0,0.0,EV Charger,53767.9
2024-10-20 02:00:00,28.5,82.8,1.1,0.0,0.0,EV Charger,54456.7
2024-10-20 03:00:00,28.2,83.4,1.0,0.0,0.0,None,38823.7
2024-10-20 04:00:00,27.9,83.8,0.9,0.0,0.0,Refrigerator,37798.7
2024-10-20 05:00:00,27.7,84.3,1.0,0.0,0.0,None,37112.7
2024-10-20 06:00:00,28.1,83.4,1.2,0.05,0.1,Water Heater,51756.7
2024-10-20 07:00:00,29.4,81.4,1.5,0.12,0.25,Microwave,53145.9
2024-10-20 08:00:00,30.8,78.1,1.8,0.3,0.55,Refrigerator,54023.7
2024-10-20 09:00:00,32.4,74.4,2.1,0.5,0.8,Washing Machine,52212.7
2024-10-20 10:00:00,33.7,70.8,2.5,0.7,1.1,None,51134.5
2024-10-20 11:00:00,35.0,67.1,2.8,0.85,1.4,Refrigerator,51745.9
2024-10-20 12:00:00,35.9,63.8,3.0,0.9,1.6,Oven,60123.7
2024-10-20 13:00:00,36.5,61.9,3.1,0.88,1.55,Air Conditioner,61278.9
2024-10-20 14:00:00,36.8,60.6,3.0,0.8,1.45,Air Conditioner,61998.7
2024-10-20 15:00:00,36.2,62.0,2.9,0.72,1.2,Refrigerator,57067.9
2024-10-20 16:00:00,35.4,64.1,2.7,0.6,1.0,None,54745.9
2024-10-20 17:00:00,34.6,67.2,2.4,0.45,0.75,Refrigerator,53445.9
2024-10-20 18:00:00,33.5,70.8,2.0,0.2,0.4,TV,61823.7
2024-10-20 19:00:00,32.4,74.1,1.8,0.1,0.2,Oven,61056.7
2024-10-20 20:00:00,31.6,76.8,1.6,0.0,0.0,Dishwasher,60698.7
2024-10-20 21:00:00,30.9,78.4,1.5,0.0,0.0,TV,63434.5
2024-10-20 22:00:00,30.3,79.6,1.4,0.0,0.0,Refrigerator,50734.7
2024-10-20 23:00:00,29.8,80.5,1.3,0.0,0.0,EV Charger,52789.9
2024-10-21 00:00:00,29.4,81.2,1.2,0.0,0.0,Refrigerator,41989.9
2024-10-21 01:00:00,29.0,82.0,1.1,0.0,0.0,EV Charger,54067.9
2024-10-21 02:00:00,28.6,82.7,1.1,0.0,0.0,EV Charger,54756.7
2024-10-21 03:00:00,28.3,83.3,1.0,0.0,0.0,None,39134.5
2024-10-21 04:00:00,28.0,83.7,0.9,0.0,0.0,Refrigerator,38112.7
2024-10-21 05:00:00,27.8,84.2,1.0,0.0,0.0,Washing Machine,37423.7
2024-10-21 06:00:00,28.2,83.3,1.2,0.05,0.1,Water Heater,52067.9
2024-10-21 07:00:00,29.5,81.3,1.5,0.12,0.25,Microwave,53456.9
2024-10-21 08:00:00,30.9,78.0,1.8,0.3,0.55,Refrigerator,54334.5
2024-10-21 09:00:00,32.5,74.3,2.1,0.5,0.8,None,52523.7
2024-10-21 10:00:00,33.8,70.7,2.5,0.7,1.1,None,51445.9
2024-10-21 11:00:00,35.1,67.0,2.8,0.85,1.4,Refrigerator,52056.9
2024-10-21 12:00:00,36.0,63.7,3.0,0.9,1.6,Air Conditioner,60434.5
2024-10-21 13:00:00,36.6,61.8,3.1,0.88,1.55,Air Conditioner,61589.9
2024-10-21 14:00:00,36.9,60.5,3.0,0.8,1.45,Oven,62323.7
2024-10-21 15:00:00,36.3,61.9,2.9,0.72,1.2,Refrigerator,57389.9
2024-10-21 16:00:00,35.5,64.0,2.7,0.6,1.0,None,55067.9
2024-10-21 17:00:00,34.7,67.1,2.4,0.45,0.75,Refrigerator,53767.9
2024-10-21 18:00:00,33.6,70.7,2.0,0.2,0.4,Oven,62145.9
2024-10-21 19:00:00,32.5,74.0,1.8,0.1,0.2,TV,61378.9
2024-10-21 20:00:00,31.7,76.7,1.6,0.0,0.0,TV,61023.7
2024-10-21 21:00:00,31.0,78.3,1.5,0.0,0.0,Dishwasher,63756.7
2024-10-21 22:00:00,30.4,79.5,1.4,0.0,0.0,Refrigerator,51056.9
2024-10-21 23:00:00,29.9,80.4,1.3,0.0,0.0,EV Charger,53112.7
2024-10-22 00:00:00,29.5,81.1,1.2,0.0,0.0,Refrigerator,42312.7
2024-10-22 01:00:00,29.1,81.9,1.1,0.0,0.0,EV Charger,54378.9
2024-10-22 02:00:00,28.7,82.6,1.1,0.0,0.0,EV Charger,55067.9
2024-10-22 03:00:00,28.4,83.2,1.0,0.0,0.0,None,39445.9
2024-10-22 04:00:00,28.1,83.6,0.9,0.0,0.0,Refrigerator,38423.7
2024-10-22 05:00:00,27.9,84.1,1.0,0.0,0.0,None,37734.5
2024-10-22 06:00:00,28.3,83.2,1.2,0.05,0.1,Water Heater,52378.9
2024-10-22 07:00:00,29.6,81.2,1.5,0.12,0.25,Microwave,53767.9
2024-10-22 08:00:00,31.0,77.9,1.8,0.3,0.55,Refrigerator,54645.9
2024-10-22 09:00:00,32.6,74.2,2.1,0.5,0.8,Washing Machine,52834.5
2024-10-22 10:00:00,33.9,70.6,2.5,0.7,1.1,None,51756.7
2024-10-22 11:00:00,35.2,66.9,2.8,0.85,1.4,Refrigerator,52367.9
2024-10-22 12:00:00,36.1,63.6,3.0,0.9,1.6,Air Conditioner,60745.9
2024-10-22 13:00:00,36.7,61.7,3.1,0.88,1.55,Air Conditioner,61898.7
2024-10-22 14:00:00,37.0,60.4,3.0,0.8,1.45,Oven,62634.5
2024-10-22 15:00:00,36.4,61.8,2.9,0.72,1.2,Refrigerator,57698.7
2024-10-22 16:00:00,35.6,63.9,2.7,0.6,1.0,None,55378.9
2024-10-22 17:00:00,34.8,67.0,2.4,0.45,0.75,Refrigerator,54078.9
2024-10-22 18:00:00,33.7,70.6,2.0,0.2,0.4,Oven,62456.7
2024-10-22 19:00:00,32.6,73.9,1.8,0.1,0.2,TV,61689.9
2024-10-22 20:00:00,31.8,76.6,1.6,0.0,0.0,TV,61334.5
2024-10-22 21:00:00,31.1,78.2,1.5,0.0,0.0,Dishwasher,64067.9
2024-10-22 22:00:00,30.5,79.4,1.4,0.0,0.0,Refrigerator,51367.9
2024-10-22 23:00:00,30.0,80.3,1.3,0.0,0.0,EV Charger,53423.7
2024-10-23 00:00:00,29.6,81.0,1.2,0.0,0.0,Refrigerator,42623.7
2024-10-23 01:00:00,29.2,81.8,1.1,0.0,0.0,EV Charger,54689.9
2024-10-23 02:00:00,28.8,82.5,1.1,0.0,0.0,EV Charger,55378.9
2024-10-23 03:00:00,28.5,83.1,1.0,0.0,0.0,None,39756.7
2024-10-23 04:00:00,28.2,83.5,0.9,0.0,0.0,Refrigerator,38734.5
2024-10-23 05:00:00,28.0,84.0,1.0,0.0,0.0,Washing Machine,38045.9
2024-10-23 06:00:00,28.4,83.1,1.2,0.05,0.1,Water Heater,52689.9
2024-10-23 07:00:00,29.7,81.1,1.5,0.12,0.25,Microwave,54078.9
2024-10-23 08:00:00,31.1,77.8,1.8,0.3,0.55,Refrigerator,54956.7
2024-10-23 09:00:00,32.7,74.1,2.1,0.5,0.8,None,53145.9
2024-10-23 10:00:00,34.0,70.5,2.5,0.7,1.1,None,52067.9
2024-10-23 11:00:00,35.3,66.8,2.8,0.85,1.4,Refrigerator,52678.9
2024-10-23 12:00:00,36.2,63.5,3.0,0.9,1.6,Air Conditioner,61056.7
2024-10-23 13:00:00,36.8,61.6,3.1,0.88,1.55,Air Conditioner,62212.7
2024-10-23 14:00:00,37.1,60.3,3.0,0.8,1.45,Air Conditioner,62945.9
2024-10-23 15:00:00,36.5,61.7,2.9,0.72,1.2,Refrigerator,58012.7
2024-10-23 16:00:00,35.7,63.8,2.7,0.6,1.0,None,55689.9
2024-10-23 17:00:00,34.9,66.9,2.4,0.45,0.75,Refrigerator,54389.9
2024-10-23 18:00:00,33.8,70.5,2.0,0.2,0.4,Oven,62767.9
2024-10-23 19:00:00,32.7,73.8,1.8,0.1,0.2,TV,61998.7
2024-10-23 20:00:00,31.9,76.5,1.6,0.0,0.0,TV,61645.9
2024-10-23 21:00:00,31.2,78.1,1.5,0.0,0.0,Dishwasher,64378.9
2024-10-23 22:00:00,30.6,79.3,1.4,0.0,0.0,Refrigerator,51678.9
2024-10-23 23:00:00,30.1,80.2,1.3,0.0,0.0,EV Charger,53734.5